,magnitude,cdi,mmi,tsunami,sig,nst,dmin,gap,depth,latitude,longitude
0,6.5,7,4,0,657,114,7.177,25.0,192.955,-13.8814,167.158
1,6.5,8,6,0,775,92,0.679,40.0,69.727,12.814,-88.1265
2,6.6,7,5,0,899,70,1.634,28.0,171.371,-38.1911,-70.3731
3,7.2,6,6,1,860,173,0.907,36.0,32.571,54.3844,-160.699
4,7.3,0,5,1,820,79,0.879451,172.8,21.0,54.49,-160.796
5,6.6,5,4,1,802,95,2.454,37.0,10.0,20.0196,-61.0955
6,6.9,4,4,1,741,136,1.179,23.0,229.0,-17.853,-174.937
7,7.2,8,6,1,804,85,2.59,24.0,167.404,-22.9824,-177.208
8,6.6,6,6,1,733,50,2.163,129.0,10.0,8.8894,-77.1231
9,7.1,3,4,1,777,98,2.812,56.0,35.981,-23.0622,170.456
10,7.7,5,4,1,927,277,3.111,15.0,18.027,-23.2286,170.694
11,7.6,8,6,1,907,111,3.631,17.0,210.097,-15.6002,-174.608
12,6.6,0,2,0,670,52,5.123,50.0,598.467,-25.2657,178.424
13,7.1,9,7,0,838,70,2.282,58.0,15.462,-0.781,98.5339
14,7.1,8,7,1,777,126,0.708,23.0,43.063,-30.0249,-177.897
15,6.7,0,3,1,691,166,4.719,10.0,595.854,-22.2844,179.391
16,7.0,5,3,0,818,131,1.881,31.0,594.028,-6.0255,112.033
17,6.5,7,6,1,655,104,0.266,30.0,105.631,52.7772,158.484
18,7.0,7,7,1,781,105,6.45,31.0,62.603,-4.2924,143.155
19,6.5,4,4,0,656,97,1.622,33.0,209.976,-23.4797,-66.5108
20,6.5,7,5,0,1350,134,2.53,13.0,187.589,36.5227,70.9787
21,6.8,9,7,1,1159,152,0.709,28.0,65.842,-2.851,-79.8001
22,7.0,8,5,1,756,116,1.789,22.0,22.065,-30.1147,-176.112
23,6.9,5,5,1,735,108,0.784,18.0,205.681,-29.4748,-178.787
24,6.5,7,6,1,653,66,5.483,45.0,10.0,-15.3597,166.385
25,6.5,4,2,1,652,115,2.739,20.0,598.925,-4.8138,149.487
26,6.8,9,7,0,737,128,1.783,20.0,20.522,38.0726,73.2077
27,7.5,9,9,0,1411,135,0.85,17.0,10.0,38.0235,37.203
28,6.7,9,8,0,800,108,0.218,44.0,14.497,37.4135,36.8306
29,7.8,9,9,0,2910,118,1.919,32.0,17.925,37.2012,36.9997
30,6.8,4,3,0,718,60,5.129,61.0,610.671,-26.7209,-63.0394
31,7.0,3,5,1,756,130,1.974,17.0,28.566,2.7401,127.051
32,7.6,5,7,0,957,114,1.575,21.0,105.249,-7.0852,130.039
33,7.0,8,7,1,768,116,6.096,36.0,29.0,-14.9383,166.878
34,6.8,5,5,1,720,152,2.587,26.0,38.0,-15.3983,-172.968
35,7.0,8,7,1,768,117,0.509,17.0,14.0,-9.7963,159.596
36,6.9,4,4,0,735,99,2.229,34.0,25.0,-4.9559,100.738
37,7.0,3,3,1,755,147,3.125,18.0,579.0,-20.0508,-178.346
38,7.3,5,5,1,833,149,1.865,21.0,37.0,-19.2918,-172.129
39,6.6,0,2,1,670,131,4.998,27.0,624.464,-25.5948,178.278
40,7.0,4,3,1,755,142,4.578,26.0,660.0,-26.0442,178.381
41,6.8,1,3,1,711,136,4.678,22.0,630.379,-25.9678,178.363
42,6.7,7,6,1,797,145,1.151,37.0,20.0,7.6712,-82.3396
43,6.8,8,7,1,1179,175,2.137,92.0,20.0,18.33,-102.913
44,7.6,9,8,1,1799,271,1.153,69.0,26.943,18.3667,-103.252
45,6.9,9,9,1,887,215,0.401,34.0,10.0,23.1444,121.307
46,6.5,7,7,1,756,178,0.43,54.0,10.0,23.029,121.348
47,7.0,7,5,1,761,192,2.977,45.0,137.0,-21.2077,170.239
48,7.6,8,8,1,965,272,3.158,12.0,116.0,-6.2237,146.471
49,6.6,9,8,0,1043,141,8.454,34.0,12.0,29.7263,102.279
50,6.6,7,6,1,672,68,5.293,34.0,30.0,-32.6922,-178.959
51,7.0,9,8,1,1351,152,5.276,22.0,33.729,17.5978,120.809
52,6.5,3,2,0,653,236,1.999,31.0,622.73,-9.0618,-71.1647
53,7.2,7,5,1,876,144,2.494,40.0,236.0,-14.8628,-70.3081
54,6.9,2,5,1,733,127,0.371,45.0,10.0,-54.1325,159.027
55,6.8,6,5,1,762,162,1.505,30.0,220.0,-23.6141,-66.7236
56,6.6,6,5,1,762,0,0.914,94.0,27.0,11.5538,-86.9919
57,7.0,6,4,1,763,0,2.705,26.0,10.0,-22.5732,170.349
58,6.9,6,4,1,738,0,2.697,42.0,10.0,-22.72,170.277
59,6.7,8,7,1,806,0,0.289,32.0,24.0,23.3421,121.636
60,7.3,9,8,1,2397,0,2.936,29.0,41.0,37.7015,141.587
61,6.7,9,6,0,708,0,2.188,43.0,28.0,-0.6831,98.6034
62,6.6,2,7,1,670,0,0.827,46.0,24.0,-30.0528,-177.74
63,6.8,2,3,1,712,0,5.78,12.0,535.0,-23.7852,-179.968
64,6.5,8,6,0,690,0,3.026,22.0,110.0,-4.455,-76.9395
65,6.5,7,4,1,651,0,1.088,57.0,8.0,-29.535,-176.729
66,6.6,8,6,0,785,0,2.418,22.0,33.0,-6.9291,105.251
67,6.5,0,3,1,650,97,1.61607,108.0,37.0,52.502,-168.08
68,6.5,0,3,1,650,23,0.0,208.8,37.0,52.502,-168.08
69,6.6,8,5,1,674,0,0.507,49.0,19.0,52.6252,-168.15
70,6.7,0,4,1,691,50,0.936943,126.0,33.0,52.48,-167.736
71,6.7,0,4,1,691,20,0.0,205.2,33.0,52.48,-167.736
72,6.8,7,6,1,730,0,0.92,61.0,20.0,52.6563,-167.917
73,6.6,6,6,0,976,0,1.168,21.0,21.0,35.1456,31.9095
74,6.6,9,8,0,1012,0,2.685,13.0,13.0,37.8167,101.299
75,7.3,8,7,0,921,0,3.713,19.0,165.49,-7.5924,127.581
76,7.3,9,5,1,854,0,1.025,32.0,14.27,-7.6033,122.2
77,7.5,8,8,1,1094,0,4.951,40.0,126.0,-4.4898,-76.8461
78,6.6,7,4,1,688,0,3.259,15.0,12.0,23.5414,126.48
79,6.9,8,6,1,995,0,0.0,0.0,51.6,56.2581,-156.492
80,6.9,4,3,1,740,0,4.778,31.0,535.0,-21.1704,174.54
81,7.3,4,4,1,826,0,4.493,32.0,527.0,-21.1036,174.895
82,6.5,7,5,1,684,0,0.993,114.0,21.0,12.1598,-87.8542
83,7.0,8,8,1,2504,0,0.07,43.0,20.0,16.9502,-99.7877
84,7.1,1,4,1,776,0,9.799,32.0,6.0,-60.3026,-24.9992
85,6.6,1,3,1,670,0,8.865,19.0,7.0,-60.1023,-24.4608
86,6.9,8,7,1,741,0,0.579,54.0,93.0,-14.892,167.085
87,6.9,6,4,1,734,0,8.363,48.0,16.7,-58.3814,-23.3318
88,7.2,9,8,1,2331,0,1.178,23.0,10.0,18.3521,-73.4804
89,6.9,5,4,1,738,0,0.0,0.0,33.3,55.2364,-157.707
90,6.9,5,4,1,738,0,1.173,36.0,20.74,55.2657,-157.68
91,8.1,0,7,0,1009,0,7.463,78.0,22.79,-58.4157,-25.3206
92,7.5,9,6,1,868,0,7.227,38.0,47.23,-57.5959,-25.1874
93,7.1,9,7,1,846,0,1.273,25.0,55.14,6.4547,126.742
94,8.2,8,6,1,1237,0,0.875,66.0,46.66,55.4742,-157.917
95,8.2,8,7,1,1252,0,0.0,0.0,35.0,55.3154,-157.829
96,6.7,8,5,1,935,0,8.139,12.0,110.0,13.6989,120.713
97,6.7,6,6,1,830,0,1.395,61.0,10.0,7.5904,-82.8813
98,6.5,0,4,1,650,0,7.994,24.0,25.0,-30.2144,-177.773
99,6.5,5,7,1,652,0,4.518,44.0,10.0,-16.4796,-177.356
100,7.3,9,9,0,1025,0,4.655,9.0,10.0,34.5861,98.2551
101,6.7,8,4,0,698,0,1.487,37.0,11.0,0.1684,96.6475
102,6.7,9,3,0,694,0,10.669,45.0,10.0,-17.2495,66.3745
103,6.9,7,6,1,919,0,2.619,35.0,43.0,38.2296,141.665
104,6.5,4,4,0,651,0,5.931,20.0,246.0,-21.6857,-177.064
105,6.5,6,4,0,652,0,10.405,19.0,301.0,-18.9204,-176.235
106,7.0,7,7,1,1052,0,2.378,35.0,43.0,38.4752,141.607
107,6.6,5,5,1,672,0,3.183,18.0,13.23,54.7018,163.208
108,6.5,0,4,0,650,0,11.764,25.0,24.0,-28.4792,-176.619
109,8.1,9,8,1,1021,0,0.739,21.0,28.93,-29.7466,-177.224
110,7.4,3,7,1,843,0,0.437,30.0,43.0,-29.6131,-177.842
111,7.3,7,6,1,932,0,0.918,24.0,10.0,-37.596,179.544
112,7.1,9,8,1,1612,0,3.085,11.0,43.98,37.6856,141.992
113,7.7,9,4,1,918,0,7.989,15.0,10.0,-23.2787,171.489
114,6.9,9,5,1,739,0,1.55,16.0,15.0,-61.8484,-55.559
115,7.0,7,5,1,802,0,2.821,15.0,80.0,5.0074,127.517
116,6.7,8,8,0,776,0,2.043,22.0,10.0,51.2407,100.443
117,6.7,5,5,1,776,0,1.319,19.0,10.0,-39.3264,-74.9067
118,7.0,8,7,0,1527,0,1.518,18.0,21.0,37.8973,26.7953
119,7.6,9,7,1,1165,0,0.23,36.0,28.37,54.662,-159.675
120,6.9,0,3,1,732,0,11.255,16.0,10.0,0.9604,-26.8332
121,6.5,6,6,0,674,0,0.388,49.0,16.0,-27.9285,-71.3937
122,6.8,6,7,1,824,0,0.312,69.0,21.0,-28.013,-71.1958
123,6.5,4,5,0,651,0,15.394,31.0,10.0,0.8696,-29.7046
124,6.9,4,3,0,749,0,2.267,20.0,624.0,-6.6704,123.493
125,6.9,4,4,0,735,0,1.716,25.0,26.0,-4.2791,101.215
126,6.8,5,4,0,716,0,1.816,34.0,22.0,-4.3724,101.095
127,6.6,9,8,1,784,0,5.128,14.0,10.0,12.0065,124.13
128,7.8,9,7,1,1111,0,0.621,60.0,28.0,55.1079,-158.477
129,7.0,6,7,1,820,0,1.671,18.0,73.0,-7.847,147.755
130,6.6,4,2,0,684,0,1.458,14.0,533.76,-5.6368,110.678
131,7.4,8,8,1,1494,0,0.151,30.0,20.0,15.9163,-95.9533
132,7.4,7,7,1,873,0,4.035,23.0,10.0,-33.2938,-177.838
133,6.6,5,4,1,734,0,2.015,18.0,165.0,28.9386,128.262
134,6.8,6,6,1,835,0,1.164,21.0,112.0,-23.2966,-68.4204
135,6.5,7,8,0,1320,27,0.357,55.79,2.7,38.1689,-117.85
136,6.6,4,6,1,671,0,3.403,12.0,107.0,-12.0662,166.648
137,6.8,4,6,0,738,0,1.921,16.0,96.0,-6.7762,129.785
138,6.5,7,6,0,678,0,1.293,19.0,10.0,34.1818,25.7101
139,6.5,8,8,0,1410,0,0.885,31.0,12.06,44.4646,-115.118
140,7.5,6,5,1,879,0,4.109,12.0,57.8,48.9638,157.695
141,7.0,5,6,1,770,0,4.501,25.0,143.0,45.6161,148.959
142,7.7,9,6,1,1812,0,1.657,26.0,14.86,19.4193,-78.756
143,6.7,8,9,0,1247,0,0.87,49.0,10.0,38.4312,39.0609
144,6.8,9,7,1,825,0,0.546,39.0,18.0,6.6969,125.174
145,7.1,6,6,1,799,0,1.271,11.0,33.0,1.6213,126.416
146,6.5,0,2,0,650,0,4.765,25.0,577.0,-21.9449,-179.511
147,6.6,4,4,1,673,0,5.086,48.0,10.0,-18.5747,-175.272
148,6.5,9,7,1,733,0,0.428,19.0,10.0,6.9098,125.178
149,6.6,9,7,1,780,0,0.646,24.0,15.0,6.7567,125.008
150,6.7,7,6,1,844,0,1.269,98.0,11.0,-35.4758,-73.163
151,6.5,7,7,1,656,0,3.909,15.0,12.26,-3.4528,128.37
152,6.6,2,3,1,671,0,4.121,19.0,591.0,-20.3641,-178.57
153,6.6,0,4,1,670,0,12.896,19.0,16.0,-60.2152,-26.5801
154,6.9,4,6,0,875,0,2.839,23.0,49.0,-7.2822,104.791
155,6.8,6,6,1,947,0,0.817,35.0,25.0,-34.2364,-72.3102
156,6.6,0,4,1,670,0,6.024,30.0,181.0,-16.1985,167.998
157,7.2,7,7,1,809,0,1.504,38.0,18.98,-0.5858,128.034
158,6.6,5,5,0,791,0,2.978,32.0,10.0,-18.2242,120.358
159,6.9,7,5,0,747,0,1.205,21.0,35.0,0.5126,126.189
160,7.1,9,9,0,1646,77,0.04616,43.0,8.0,35.7695,-117.599
161,7.3,4,6,1,952,0,2.629,16.0,212.0,-6.4078,129.169
162,7.3,8,6,1,830,0,1.402,11.0,46.0,-30.6441,-178.1
163,6.6,7,6,1,886,0,1.193,22.0,57.92,13.1994,-89.3056
164,8.0,9,8,1,1890,0,3.18,17.0,122.57,-5.8119,-75.2697
165,7.6,7,7,1,929,0,0.453,16.0,10.0,-4.051,152.597
166,7.1,7,6,1,826,0,2.514,16.0,146.0,-6.9746,146.449
167,6.8,5,6,1,717,0,0.791,28.0,15.46,-1.8146,122.58
168,6.5,0,5,1,650,0,7.568,18.0,38.0,-58.6262,-25.304
169,7.0,7,4,1,869,0,2.501,42.0,267.0,-14.7131,-70.1546
170,7.5,7,7,1,1145,0,2.045,15.0,145.0,-2.1862,-77.0505
171,6.7,6,6,1,909,0,0.289,43.0,66.0,14.6802,-92.4527
172,6.7,0,3,0,691,0,7.527,17.0,13.0,-43.1219,42.3568
173,6.7,8,8,1,1600,0,0.173,22.0,63.0,-30.0404,-71.3815
174,6.6,5,4,1,671,0,7.818,18.0,35.0,-13.336,166.875
175,6.6,2,4,1,672,0,1.596,33.0,43.21,2.258,126.758
176,6.8,3,3,0,715,0,1.181,16.0,570.41,-8.144,-71.587
177,7.0,5,5,1,803,0,1.769,21.0,60.21,5.8983,126.921
178,7.3,3,7,1,822,0,4.126,23.0,16.56,55.0999,164.699
179,7.1,0,5,1,776,0,7.043,20.0,133.0,-58.5446,-26.3856
180,6.6,0,4,1,670,0,2.679,31.0,10.0,-22.0629,169.733
181,7.5,3,6,1,871,0,2.405,18.0,10.0,-21.9496,169.427
182,7.1,8,8,1,1790,0,0.0,0.0,46.7,61.3464,-149.955
183,6.8,0,3,1,711,0,2.879,39.0,540.0,-17.8735,-178.927
184,6.7,3,4,1,693,0,7.853,19.0,10.0,71.6312,-11.2431
185,6.8,8,7,0,954,0,2.268,15.0,14.0,37.5203,20.5565
186,6.5,2,4,0,655,0,1.692,68.0,10.0,49.297,-129.724
187,6.8,4,4,1,776,0,1.505,36.0,10.0,49.3346,-129.289
188,6.5,3,4,1,669,0,1.611,63.0,10.0,49.2586,-129.412
189,6.5,0,4,1,650,0,2.109,22.0,17.0,-21.7427,169.522
190,6.7,0,3,1,691,0,2.705,17.0,461.0,52.8549,153.243
191,6.5,0,4,1,650,0,3.923,14.0,20.0,49.2902,156.297
192,7.0,6,6,1,758,0,1.778,18.0,39.0,-5.7012,151.205
193,6.7,2,3,1,691,0,3.745,23.0,550.0,-18.3604,-178.063
194,7.5,8,8,0,2026,0,1.649,13.0,20.0,-0.2559,119.846
195,6.5,4,1,0,651,0,5.139,18.0,576.0,-25.415,178.199
196,6.9,3,4,0,735,0,2.785,18.0,115.0,-31.7447,-179.373
197,6.5,3,6,1,651,0,1.638,25.0,68.0,-10.0207,161.503
198,7.9,7,4,1,979,0,1.431,12.0,670.81,-18.4743,179.35
199,6.6,8,9,1,1075,0,1.13,32.0,35.0,42.6861,141.929
200,7.1,2,5,1,776,0,2.548,23.0,21.43,-22.0295,170.126
201,7.1,0,3,0,776,0,3.77,12.0,630.0,-11.0355,-70.8284
202,6.5,6,7,1,652,0,4.797,10.0,9.0,-16.0315,168.143
203,7.3,8,6,1,1570,0,1.822,15.0,146.82,10.7731,-62.9019
204,6.9,7,7,0,1206,0,2.453,31.0,21.0,-8.319,116.627
205,8.2,5,4,1,1050,0,3.63,13.0,600.0,-18.1125,-178.153
206,6.5,5,3,0,743,0,2.719,23.0,529.0,-7.3718,119.802
207,6.5,6,6,1,655,0,0.576,22.0,33.93,51.4234,-178.026
208,6.9,9,8,0,1704,0,2.271,15.0,34.0,-8.2581,116.438
209,6.9,7,8,1,1392,63,0.11,210.0,5.81,19.3182,-155.0
210,6.8,5,3,0,733,0,5.32,16.0,559.0,-20.6588,-63.0058
211,6.9,9,6,1,741,0,1.487,18.0,35.0,-5.5321,151.5
212,6.7,5,6,1,696,0,1.507,15.0,40.0,-5.5024,151.402
213,6.8,6,6,1,719,0,1.049,16.0,22.86,-4.3762,153.2
214,6.7,8,7,1,697,0,5.457,19.0,20.49,-6.3043,142.612
215,7.5,9,8,1,943,0,5.48,17.0,25.21,-6.0699,142.754
216,7.2,7,7,1,1384,0,0.142,82.0,22.0,16.3855,-97.9787
217,7.9,9,4,1,1870,0,2.585,30.0,14.06,56.0039,-149.166
218,7.1,9,7,1,1075,0,4.29,23.0,39.0,-15.7675,-74.7092
219,7.5,8,5,1,1623,0,4.581,12.0,19.0,17.4825,-83.52
220,6.5,8,7,0,998,0,2.365,28.0,90.0,-7.4921,108.174
221,6.5,1,5,1,651,0,17.654,23.0,17.0,-54.2189,2.1628
222,7.0,4,6,1,771,0,0.617,14.0,10.0,-21.3246,168.671
223,6.6,4,5,1,676,0,0.529,21.0,13.0,-21.5027,168.598
224,6.5,8,8,1,1153,0,0.225,37.0,19.36,9.5147,-84.4865
225,7.3,8,9,0,2790,0,0.284,33.0,19.0,34.9109,45.9592
226,6.5,6,5,1,661,0,4.449,10.0,110.57,-4.2433,143.485
227,6.8,5,5,1,727,0,4.852,21.0,10.0,-15.3197,-173.168
228,6.6,3,5,1,674,0,0.788,29.0,22.0,-21.6484,168.859
229,6.7,3,4,1,691,0,1.062,55.0,24.0,-21.6971,169.148
230,6.7,3,3,0,694,0,1.634,16.0,553.81,-7.2168,123.074
231,6.5,3,5,1,651,0,1.154,11.0,119.0,52.3909,176.769
232,7.1,9,8,0,1686,0,0.984,23.0,48.0,18.5499,-98.4887
233,8.2,9,7,1,2910,0,0.944,22.0,47.39,15.0222,-93.8993
234,6.5,5,7,0,707,0,11.411,22.0,9.0,33.1926,103.855
235,6.6,7,7,0,1064,0,0.913,16.0,7.0,36.9293,27.4139
236,7.7,8,7,1,918,0,3.564,13.0,10.0,54.4434,168.857
237,6.6,5,4,1,704,0,3.773,37.0,10.0,-49.4837,164.016
238,6.5,9,8,1,740,0,4.139,30.0,9.0,11.1269,124.629
239,6.8,6,6,1,1034,0,1.065,38.0,38.12,13.7174,-90.9718
240,6.9,8,6,1,1188,0,0.247,35.0,93.0,14.9091,-92.0092
241,6.8,0,4,1,711,0,2.308,12.0,5.0,54.0312,170.92
242,6.6,7,7,0,678,0,2.353,18.0,12.0,-1.2923,120.431
243,6.5,0,4,1,650,0,6.489,17.0,15.0,-56.414,-25.7432
244,6.8,6,5,1,713,0,7.495,19.0,169.0,-14.5884,167.377
245,6.9,9,6,1,814,0,1.636,14.0,26.0,5.5043,125.066
246,6.9,9,7,1,1642,0,0.356,39.0,28.0,-33.0375,-72.0617
247,6.5,7,8,0,1297,0,2.36,15.0,29.0,-22.6784,25.1558
248,6.6,6,7,1,671,0,4.591,14.0,17.0,56.9401,162.786
249,6.9,2,3,1,733,0,6.012,19.0,414.5,-23.2593,-178.804
250,6.5,3,3,0,653,0,4.242,14.0,595.98,-19.2814,-63.9047
251,6.5,8,7,1,718,0,2.822,36.0,15.0,9.9071,125.452
252,7.9,9,7,1,987,0,3.625,9.0,135.0,-6.2464,155.172
253,6.5,6,6,1,654,0,1.64,21.0,36.0,-10.3506,161.335
254,7.3,6,3,1,849,0,3.813,18.0,627.17,4.4782,122.617
255,6.9,6,4,1,742,0,2.495,13.0,12.0,-19.3733,176.052
256,7.6,9,8,1,1152,0,0.355,29.0,38.0,-43.4064,-73.9413
257,6.7,5,5,0,726,0,3.38,17.0,152.0,-7.5082,127.921
258,7.9,9,7,1,972,0,1.389,13.0,94.54,-4.5049,153.522
259,6.9,8,6,1,737,0,1.747,26.0,19.73,-10.749,161.132
260,6.5,0,5,0,650,0,1.937,18.0,12.26,-10.8416,161.314
261,7.8,9,8,1,961,0,1.836,13.0,40.0,-10.6812,161.327
262,6.6,5,4,1,1120,0,1.405,55.0,8.45,40.4535,-126.194
263,6.5,9,8,0,731,0,0.778,27.0,13.0,5.2834,96.1678
264,6.6,8,7,0,693,0,1.697,20.0,17.0,39.2732,73.9776
265,6.9,5,4,1,855,0,1.796,20.0,10.0,11.9097,-88.8968
266,6.9,9,6,1,1144,0,0.671,10.0,9.0,37.3931,141.387
267,6.5,7,7,1,664,0,0.283,56.0,9.0,-42.6058,173.254
268,6.5,6,7,1,656,0,0.135,58.0,10.0,-42.3205,173.669
269,7.8,9,9,1,1545,0,0.481,21.0,15.11,-42.7373,173.054
270,6.6,9,8,0,2840,0,0.174,25.0,8.0,42.8621,13.0961
271,6.6,3,3,0,677,0,2.022,16.0,614.0,-4.8626,108.163
272,6.8,3,6,1,716,0,3.727,11.0,42.0,-6.0033,148.887
273,6.9,2,3,1,733,0,4.051,9.0,596.4,-19.7819,-178.244
274,7.0,5,6,1,897,0,0.698,21.0,19.0,-37.3586,179.146
275,6.8,4,3,1,713,0,0.803,12.0,476.0,-3.6849,152.792
276,6.8,6,6,0,981,0,1.802,17.0,82.0,20.9228,94.569
277,7.2,6,5,1,799,0,4.823,14.0,16.37,-22.4765,173.117
278,7.7,5,6,1,971,0,3.294,14.0,196.0,18.5429,145.507
279,6.6,4,6,0,671,0,2.435,16.0,50.0,-2.0967,100.665
280,7.2,1,6,1,798,0,5.803,24.0,78.0,-56.2409,-26.9353
281,6.9,3,3,1,733,0,5.485,19.0,405.69,-21.9724,-178.204
282,6.9,8,7,1,780,0,1.192,17.0,29.95,0.4947,-79.616
283,6.7,5,7,1,744,0,1.352,21.0,16.0,0.4261,-79.7899
284,7.0,7,7,1,755,0,0.616,14.0,24.0,-16.0429,167.379
285,7.8,9,9,1,1163,0,1.44,15.0,20.59,0.3819,-79.9218
286,7.0,9,9,1,2074,0,0.349,32.0,10.0,32.7906,130.754
287,6.9,6,6,0,903,0,3.001,14.0,136.0,23.0944,94.8654
288,6.6,6,4,0,738,0,0.789,17.0,212.0,36.4725,71.1311
289,6.7,7,5,1,692,0,6.787,25.0,27.59,-13.9805,166.594
290,6.7,7,6,1,691,0,6.697,19.0,24.0,-14.0683,166.624
291,6.9,7,6,1,734,0,1.166,25.0,26.0,-14.3235,166.855
292,7.8,4,3,0,948,0,7.009,20.0,24.0,-4.9521,94.3299
293,7.2,3,7,1,799,0,0.958,17.0,177.0,53.9776,158.546
294,7.1,7,7,1,1496,0,0.0,0.0,125.6,59.6204,-153.339
295,6.6,3,4,1,673,0,2.413,74.0,10.0,18.8239,-106.934
296,6.7,5,6,1,717,0,0.281,22.0,46.0,41.9723,142.781
297,6.5,3,6,1,651,0,3.144,22.0,13.0,3.8965,126.862
298,6.7,8,7,0,1515,0,1.794,16.0,55.0,24.8036,93.6505
299,6.6,8,6,1,765,0,0.41,35.0,85.0,15.8015,-93.633
300,6.9,8,5,0,738,0,2.979,14.0,21.0,-4.1064,129.508
301,7.2,4,7,0,827,0,1.116,18.0,22.0,38.2107,72.7797
302,6.7,2,3,0,691,0,2.033,19.0,602.75,-9.1825,-71.2574
303,7.6,5,4,0,896,0,2.852,10.0,620.56,-10.0598,-71.0184
304,7.6,6,5,1,957,0,3.287,10.0,606.21,-10.5372,-70.9437
305,6.8,5,6,1,715,0,1.599,19.0,12.59,-8.8994,158.422
306,6.5,7,7,0,1018,0,0.0,0.0,11.0,38.67,20.6
307,6.7,5,4,0,702,0,1.444,17.0,12.0,31.0009,128.873
308,6.9,5,6,0,744,0,0.821,43.0,10.0,-29.5097,-72.0585
309,6.9,6,6,1,761,0,0.784,32.0,12.0,-29.5067,-72.0068
310,6.6,7,4,0,675,0,2.792,31.0,10.0,6.8431,94.648
311,6.8,7,7,1,841,0,0.258,41.0,46.0,-30.8796,-71.4519
312,6.5,5,7,0,657,0,1.53,21.0,20.0,-8.3381,124.875
313,7.5,8,7,0,1448,0,0.622,18.0,231.0,36.5244,70.3676
314,7.1,6,6,1,780,0,0.592,11.0,135.0,-14.8595,167.303
315,6.6,7,7,0,671,0,2.486,13.0,18.0,-0.6212,131.262
316,6.6,5,7,1,820,0,1.064,14.0,35.0,-31.7275,-71.3792
317,6.7,5,7,0,718,0,0.853,35.0,23.0,-31.5173,-71.804
318,6.5,6,7,0,657,0,0.749,62.0,27.0,-31.4244,-71.6876
319,7.0,8,7,0,799,0,0.903,13.0,28.41,-31.5622,-71.4262
320,8.3,9,8,1,1960,0,0.684,19.0,22.44,-31.5729,-71.6744
321,6.7,5,5,1,708,0,1.256,123.0,10.0,24.913,-109.623
322,6.5,0,5,1,650,0,2.045,16.0,6.43,-9.3293,157.877
323,6.6,3,5,1,671,0,1.872,20.0,22.0,-9.3438,158.053
324,7.0,9,7,1,762,0,6.278,12.0,48.0,-2.6286,138.528
325,6.9,4,7,1,734,0,0.444,39.0,29.0,52.376,-169.446
326,7.0,8,6,1,759,0,5.205,22.0,11.0,-10.4012,165.141
327,6.5,4,4,1,686,0,1.218,20.0,20.0,13.8672,-58.5479
328,6.7,4,5,1,691,0,1.529,11.0,12.0,-9.307,158.403
329,6.5,3,4,0,652,0,2.277,11.0,460.0,27.7375,139.725
330,7.8,6,3,1,1151,0,1.675,12.0,664.0,27.8386,140.493
331,6.8,5,6,1,762,0,0.0,0.0,72.6,56.594,-156.43
332,6.8,1,5,1,711,0,3.619,18.0,10.0,-11.1093,163.215
333,6.9,1,4,1,732,0,4.024,22.0,11.19,-11.0559,163.696
334,6.8,1,4,1,711,0,4.395,15.0,11.0,-10.8759,164.169
335,6.8,8,6,1,831,0,1.422,8.0,35.0,38.9056,142.032
336,7.3,8,7,0,1563,0,0.677,11.0,15.0,27.8087,86.0655
337,7.1,1,6,1,776,0,3.835,11.0,10.0,-7.2175,154.557
338,7.5,7,8,1,869,0,1.295,22.0,55.0,-5.4624,151.875
339,6.8,5,6,1,714,0,1.074,23.0,44.0,-5.2005,151.777
340,6.7,5,6,1,692,0,1.239,12.0,31.0,-5.375,151.771
341,6.7,7,7,0,1016,0,0.727,13.0,22.91,27.7711,86.0173
342,6.6,8,7,0,733,0,1.778,16.0,10.0,28.2244,84.8216
343,7.8,8,9,0,2820,0,1.857,12.0,8.22,28.2305,84.7314
344,6.5,0,5,1,650,0,3.702,42.0,10.0,-15.8815,-178.6
345,6.5,2,5,1,650,0,4.629,36.0,11.0,-15.4994,-173.029
346,7.5,6,7,1,872,0,0.666,19.0,41.0,-4.7294,152.562
347,7.0,4,6,0,760,0,1.362,12.0,552.06,-7.2968,122.535
348,6.7,5,5,1,714,0,1.925,20.0,23.0,39.8558,142.881
349,6.7,4,6,1,700,0,2.11,16.0,223.0,-23.1125,-66.688
350,6.8,1,4,1,711,0,2.019,13.0,219.96,-17.0309,168.52
351,6.5,1,4,1,650,0,4.318,61.0,8.0,5.9045,-82.6576
352,6.6,7,6,1,709,0,2.485,43.0,20.0,7.9401,-82.6865
353,6.6,1,5,1,670,0,3.246,12.0,23.0,-6.5108,154.46
354,6.6,1,3,0,670,0,2.6,9.0,614.0,6.1572,123.126
355,6.8,6,5,1,713,0,1.421,19.0,39.0,1.9604,126.575
356,6.5,5,5,1,652,0,1.549,9.0,35.0,2.2999,127.056
357,6.7,7,4,1,698,0,1.079,25.0,22.0,-37.6478,179.662
358,7.1,4,6,1,779,0,1.397,18.0,45.0,1.8929,126.522
359,6.6,2,6,1,671,0,3.557,13.0,53.19,-5.9873,148.232
360,7.1,3,6,1,776,0,4.415,13.0,434.0,-19.6903,-177.759
361,7.3,8,6,1,982,0,1.078,18.0,40.0,12.5262,-88.1225
362,6.7,5,5,1,724,0,0.46,11.0,130.0,13.7641,144.429
363,6.8,6,6,1,741,0,4.107,18.0,101.0,-14.598,-73.5714
364,6.9,0,4,1,732,0,6.393,12.0,13.0,0.8295,146.169
365,6.9,0,6,1,732,0,3.934,15.0,615.42,-19.8015,-178.4
366,6.5,5,4,1,706,0,2.421,9.0,20.0,37.0052,142.452
367,6.9,8,7,1,1079,0,0.263,51.0,53.0,14.724,-92.4614
368,6.5,0,4,1,650,0,2.124,15.0,20.0,-6.2304,152.807
369,6.7,0,5,1,691,0,6.713,45.0,18.0,-14.9831,-175.51
370,6.9,0,5,1,732,0,4.838,25.0,8.0,-55.4703,-28.3669
371,7.9,6,8,1,963,0,0.133,22.0,109.0,51.8486,178.735
372,6.7,0,5,0,691,0,0.748,43.0,26.59,-29.9414,-177.607
373,6.5,0,5,0,650,0,0.778,30.0,10.0,-29.9379,-177.516
374,6.9,0,5,1,732,0,0.751,35.0,20.0,-29.9772,-177.725
375,6.9,9,7,0,951,0,0.402,25.0,6.43,40.2893,25.3889
376,6.5,7,5,1,694,0,3.121,33.0,10.0,7.2096,-82.3045
377,6.6,0,5,1,670,0,3.34,10.0,106.0,-21.4542,170.355
378,6.5,4,6,1,838,0,0.0,0.0,10.0,49.6388,-127.732
379,7.5,0,6,1,865,0,3.82,16.0,43.37,-6.7547,155.024
380,6.6,0,6,1,670,0,3.803,11.0,29.0,-6.6558,155.087
381,7.2,8,7,1,1017,0,2.25,46.0,24.0,17.397,-100.972
382,6.6,0,6,0,670,0,2.666,22.0,10.0,-11.1284,162.052
383,7.4,0,6,1,842,0,2.885,17.0,39.0,-11.4633,162.051
384,7.6,0,7,1,889,0,2.828,13.0,22.56,-11.2701,162.148
385,6.6,6,5,1,677,0,0.761,20.0,135.0,11.642,-85.8779
386,6.5,0,6,1,650,0,3.787,16.0,20.0,-6.7878,154.95
387,7.1,0,7,1,776,0,3.729,21.0,60.53,-6.5858,155.048
388,7.7,8,9,1,1057,0,1.029,44.0,22.4,-20.5709,-70.4931
389,6.5,7,7,0,670,0,0.828,82.0,24.07,-20.3113,-70.5756
390,6.9,0,5,0,732,0,0.828,119.0,28.42,-19.8927,-70.9455
391,8.2,9,8,1,1332,0,0.609,23.0,25.0,-19.6097,-70.7691
392,6.7,7,7,1,718,0,1.008,44.0,20.0,-19.9807,-70.7022
393,6.8,5,5,1,1211,112,0.6568,229.0,16.441,40.8287,-125.134
394,6.5,4,5,1,668,0,1.001,17.0,119.0,27.4312,127.367
395,6.5,5,4,1,681,0,1.635,30.0,14.83,14.6682,-58.9272
396,6.9,3,8,0,733,0,7.496,18.0,10.0,35.9053,82.5864
397,6.5,0,5,1,650,0,0.409,20.0,122.0,-15.0691,167.372
398,6.5,0,3,1,650,0,3.651,22.0,44.26,-32.9076,-177.881
399,6.5,0,4,1,650,0,3.997,14.0,187.0,-13.8633,167.249
400,6.5,3,4,0,651,0,5.194,22.0,371.0,-17.1171,-176.545
401,7.7,1,8,1,912,0,8.05,23.0,10.0,-60.2738,-46.4011
402,6.9,0,5,1,732,0,8.284,17.0,9.97,-60.2627,-47.0621
403,6.6,6,7,1,723,0,0.636,31.0,27.0,-30.2921,-71.5215
404,7.1,6,4,1,872,0,3.968,10.0,35.0,37.1557,144.661
405,6.6,8,5,1,692,0,1.98,44.0,9.45,26.0913,-110.321
406,6.8,0,6,1,711,0,5.79,9.0,35.0,-6.4456,154.931
407,7.1,9,8,1,1092,0,3.144,12.0,19.04,9.8796,124.117
408,6.6,5,6,0,691,0,1.984,40.0,40.0,35.5142,23.2523
409,6.7,0,3,0,691,0,2.958,11.0,573.0,53.1995,152.786
410,6.5,0,4,1,650,0,1.709,21.0,41.54,-30.9255,-178.323
411,6.8,7,7,0,1005,0,7.359,17.0,12.0,27.1825,65.5052
412,7.1,8,7,1,843,0,4.446,17.0,40.0,-15.8385,-74.5112
413,7.7,5,8,0,2015,0,7.241,17.0,15.0,26.951,65.5009
414,6.5,0,6,1,650,0,0.735,24.0,20.0,51.5573,-174.767
415,6.5,5,3,0,739,0,3.276,26.0,402.0,29.9377,138.833
416,6.5,4,5,0,668,0,3.097,11.0,112.0,-7.44,128.221
417,7.0,5,6,0,758,0,0.624,53.0,29.0,51.537,-175.23
418,6.5,9,7,1,690,0,0.0,0.0,8.2,-41.734,174.152
419,6.7,4,5,1,715,0,3.741,22.0,12.0,5.7732,-78.1999
420,6.5,6,7,1,693,229,0.0,20.0,17.0,-41.704,174.337
421,7.3,0,6,1,820,398,0.0,43.0,11.0,-60.857,-25.07
422,6.6,4,6,0,674,139,0.0,14.0,56.0,-6.029,149.706
423,7.3,0,4,1,820,117,0.0,24.0,385.5,-3.917,153.927
424,6.6,0,7,1,670,111,0.0,16.0,10.0,10.701,-42.594
425,6.5,5,6,1,679,698,0.0,27.0,30.0,11.763,-86.926
426,6.7,5,4,0,710,515,0.0,24.0,9.0,-10.004,107.236
427,6.7,0,3,1,691,217,0.0,25.2,624.0,52.235,151.444
428,8.3,5,5,1,1115,385,0.0,10.0,598.1,54.892,153.221
429,7.4,0,6,1,842,626,0.0,16.0,173.7,-23.009,-177.232
430,6.8,0,3,0,711,131,0.0,18.0,602.2,18.728,145.288
431,6.5,0,6,1,650,264,0.0,16.6,10.0,-3.898,152.127
432,6.6,8,8,0,2083,548,0.0,12.6,14.0,30.308,102.888
433,7.2,5,7,1,804,770,0.0,10.1,110.0,46.221,150.788
434,6.6,7,7,1,672,445,0.0,11.0,13.0,-3.214,142.542
435,7.7,8,8,0,1421,506,0.0,26.6,80.0,28.033,61.996
436,6.6,0,5,1,670,491,0.0,11.5,31.0,-6.475,154.607
437,7.0,3,7,1,755,640,0.0,11.4,66.0,-3.517,138.476
438,6.5,0,6,1,650,317,0.0,14.2,28.0,-6.598,148.174
439,6.5,3,6,0,651,480,0.0,20.7,29.0,50.958,157.408
440,6.9,5,6,1,736,531,0.0,20.7,41.0,50.954,157.283
441,6.6,0,7,1,670,697,0.0,15.3,11.0,67.631,142.508
442,6.6,0,6,1,670,421,0.0,16.6,18.0,-10.994,165.741
443,6.9,5,5,1,904,562,0.0,23.7,145.0,1.135,-77.393
444,7.1,9,6,1,780,334,0.0,16.5,21.0,-10.928,166.018
445,6.8,0,7,1,711,400,0.0,17.5,12.0,-10.838,165.969
446,6.7,0,6,1,691,387,0.0,26.5,11.0,-10.997,165.655
447,7.0,0,6,0,754,445,0.0,17.5,8.8,-10.499,165.588
448,7.1,0,5,0,776,550,0.0,18.4,10.0,-11.183,164.882
449,8.0,8,7,1,993,460,0.0,20.9,24.0,-10.799,165.114
450,6.9,6,7,0,814,686,0.0,28.0,107.0,42.77,143.092
451,6.8,6,7,0,771,596,0.0,19.3,45.0,-28.094,-70.653
452,7.5,6,6,0,1425,0,0.0,0.0,8.7,55.228,-134.859
453,6.7,0,4,0,691,521,0.0,13.7,200.7,-14.344,167.286
454,7.1,5,5,0,843,517,0.0,8.7,155.0,-6.533,129.825
455,7.3,6,5,0,1014,918,0.0,14.8,31.0,37.89,143.949
456,6.5,4,5,0,708,598,0.0,57.3,20.0,14.129,-92.164
457,6.8,7,6,0,795,391,0.0,13.7,13.7,23.005,95.885
458,7.4,8,7,0,1455,751,0.0,25.5,24.0,13.988,-91.895
459,7.8,8,7,0,1726,807,0.0,42.7,14.0,52.788,-132.101
460,6.5,6,6,0,745,691,0.0,34.4,17.0,10.086,-85.298
461,6.6,3,5,0,675,291,0.0,17.7,13.0,-4.892,134.03
462,7.3,7,6,0,1221,934,0.0,15.5,170.0,1.929,-76.362
463,7.6,8,7,0,1555,703,0.0,34.3,35.0,10.085,-85.315
464,7.6,8,5,0,1115,682,0.0,10.2,28.0,10.811,126.638
465,7.3,5,5,0,994,417,0.0,37.0,28.0,12.139,-88.59
466,6.6,4,5,0,678,497,0.0,14.6,91.1,2.19,126.837
467,7.7,7,4,0,941,862,0.0,13.8,583.2,49.8,145.064
468,6.5,5,6,0,653,576,0.0,11.7,41.0,-4.651,153.173
469,6.6,4,5,0,675,529,0.0,15.7,134.7,-18.685,-174.705
470,6.7,0,7,0,691,370,0.0,15.4,16.0,-1.617,134.276
471,6.8,6,5,0,732,597,0.0,12.6,198.0,-5.462,147.117
472,6.7,0,7,0,691,518,0.0,26.9,29.0,-32.625,-71.365
473,7.0,7,7,0,1000,474,0.0,95.9,13.0,28.696,-113.104
474,6.5,7,6,0,1171,599,0.0,54.1,20.0,18.229,-102.689
475,8.2,9,6,0,1213,341,0.0,14.9,25.1,0.802,92.463
476,8.6,9,7,0,2048,499,0.0,16.6,20.0,2.327,93.063
477,7.1,7,7,0,1496,553,0.0,15.2,40.7,-35.2,-72.217
478,6.6,6,6,0,709,640,0.0,10.1,118.0,-6.242,145.955
479,7.4,9,8,0,1752,672,0.0,37.9,20.0,16.493,-98.231
480,6.7,7,7,0,833,596,0.0,13.4,12.0,51.708,95.991
481,6.7,9,7,0,1551,572,0.0,11.1,11.0,9.999,123.206
482,7.1,5,5,0,793,573,0.0,12.0,23.0,-17.827,167.133
483,7.2,4,4,0,838,443,0.0,17.0,19.0,2.433,93.21
484,6.6,0,7,0,670,545,0.0,17.6,15.0,51.842,95.911
485,7.1,6,6,0,834,485,0.0,10.6,135.0,-7.551,146.809
486,6.5,8,7,0,1400,578,0.0,38.6,59.0,17.986,-99.789
487,6.9,6,7,0,847,474,0.0,46.5,24.0,-14.438,-75.966
488,7.1,9,9,0,1096,693,0.0,19.7,18.0,38.721,43.508
489,6.5,3,6,0,655,423,0.0,12.6,37.0,-6.57,147.881
490,6.9,8,8,0,1562,383,0.0,13.0,50.0,27.73,88.155
491,6.7,5,5,0,712,667,0.0,10.9,30.0,40.273,142.779
492,6.7,5,6,0,915,447,0.0,15.3,91.0,2.965,97.893
493,7.0,7,5,0,761,406,0.0,15.3,185.1,-20.671,169.716
494,7.0,6,6,0,913,471,0.0,26.9,147.0,-7.641,-74.525
495,7.1,5,6,0,787,564,0.0,12.3,28.0,-18.311,168.218
496,6.5,0,5,0,650,322,0.0,15.0,35.0,-18.308,168.156
497,7.2,8,6,0,813,280,0.0,18.4,32.0,-18.365,168.143
498,6.6,3,6,0,674,229,0.0,16.6,10.0,-3.518,144.828
499,7.6,3,7,0,893,567,0.0,33.5,17.0,-29.539,-176.34
500,6.7,6,6,0,749,592,0.0,24.9,33.0,39.955,142.205
501,6.8,4,5,0,734,519,0.0,12.5,11.0,-20.244,168.226
502,6.8,5,6,0,719,445,0.0,13.0,79.0,-10.375,161.2
503,6.6,7,7,0,822,586,0.0,10.1,11.0,37.001,140.401
504,7.1,8,8,0,1114,446,0.0,17.7,42.0,38.276,141.588
505,6.6,7,6,0,897,518,0.0,37.2,166.2,17.208,-94.338
506,6.9,7,9,0,1154,335,0.0,18.2,8.0,20.687,99.822
507,6.6,6,5,0,673,668,0.0,9.5,25.7,39.241,142.463
508,6.5,0,4,0,650,369,0.0,18.7,6.8,36.166,141.562
509,7.7,7,4,0,931,507,0.0,10.8,18.6,38.058,144.59
510,7.9,8,7,0,1140,163,0.0,48.4,42.6,36.281,141.111
511,9.1,9,8,0,2184,541,0.0,9.5,29.0,38.297,142.373
512,7.3,5,5,0,972,550,0.0,17.4,32.0,38.435,142.842
513,6.7,5,6,0,731,358,0.0,33.9,21.0,-35.38,-72.834
514,6.9,7,7,0,988,382,0.0,34.7,26.0,-36.422,-72.96
515,7.2,7,7,0,1449,372,0.0,25.3,68.0,28.777,63.951
516,7.0,2,5,0,755,578,0.0,13.3,9.0,-20.628,168.471
517,7.2,8,7,0,1054,397,0.0,30.1,24.0,-38.355,-73.326
518,7.3,0,5,0,820,409,0.0,12.0,16.0,-19.702,167.947
519,6.7,3,7,0,708,279,0.0,24.3,12.0,28.412,59.18
520,6.6,0,6,0,670,306,0.0,18.5,33.0,-6.001,149.977
521,7.8,4,7,0,946,379,0.0,23.0,20.1,-3.487,100.082
522,6.7,5,5,0,776,352,0.0,50.3,13.0,24.696,-109.156
523,7.0,8,5,0,772,271,0.0,15.1,26.0,-4.963,133.76
524,7.0,8,8,0,1245,365,0.0,15.8,12.0,-43.522,171.83
525,7.1,6,5,0,945,672,0.0,12.4,206.7,-1.266,-77.306
526,7.3,7,7,0,850,405,0.0,20.2,25.0,-17.541,168.069
527,7.0,4,6,0,757,396,0.0,12.7,44.0,-5.746,150.765
528,6.5,5,4,0,659,403,0.0,11.1,220.0,-5.486,146.822
529,7.6,5,3,0,902,340,0.0,15.1,578.0,6.497,123.48
530,7.3,8,7,0,831,397,0.0,18.2,35.0,-5.931,150.59
531,6.9,4,7,0,737,456,0.0,15.7,28.0,-5.966,150.428
532,6.6,6,7,0,753,295,0.0,52.8,22.0,-38.067,-73.31
533,6.7,5,6,0,696,392,0.0,18.7,35.0,-10.627,161.447
534,6.6,0,7,0,670,309,0.0,25.0,10.5,-2.329,136.484
535,7.0,3,7,0,755,307,0.0,18.1,18.0,-2.174,136.543
536,7.5,6,5,0,1144,514,0.0,18.6,35.0,7.881,91.936
537,7.2,5,6,0,804,327,0.0,11.7,31.0,-13.698,166.643
538,7.2,5,6,0,918,611,0.0,20.6,38.0,3.748,96.018
539,6.9,6,9,0,773,410,0.0,14.9,17.0,33.165,96.548
540,6.9,4,5,0,740,399,0.0,12.1,21.0,-10.878,161.116
541,7.8,0,7,0,936,352,0.0,19.2,31.0,2.383,97.048
542,7.2,9,9,0,2910,10,0.5137,239.0,9.987,32.2862,-115.295
543,6.6,5,6,0,701,413,0.0,16.7,34.0,13.667,92.831
544,6.7,5,6,0,856,312,0.0,34.7,18.0,-36.217,-73.257
545,6.5,6,5,0,810,491,0.0,27.0,32.0,37.745,141.59
546,7.0,7,7,0,874,403,0.0,17.1,18.0,-34.326,-71.799
547,6.9,7,7,0,1280,415,0.0,12.5,11.0,-34.29,-71.891
548,6.8,4,6,0,717,401,0.0,23.2,26.0,-3.762,100.991
549,6.6,7,7,0,736,255,0.0,27.8,18.0,-36.665,-73.374
550,6.5,0,4,0,650,426,0.0,18.7,176.0,-13.571,167.227
551,7.4,0,5,0,842,409,0.0,17.6,35.0,-37.773,-75.048
552,8.8,8,8,0,1991,454,0.0,17.8,22.9,-36.122,-72.898
553,7.0,6,6,0,1180,487,0.0,15.7,25.0,25.93,128.425
554,7.0,9,9,0,1623,500,0.0,22.7,13.0,18.443,-72.571
555,6.5,7,7,0,1360,51,0.3225,220.0,28.737,40.652,-124.692
556,6.8,3,6,0,713,338,0.0,15.0,15.4,-9.019,157.551
557,7.1,5,7,0,780,377,0.0,15.0,10.0,-8.783,157.354
558,6.6,5,7,0,672,282,0.0,16.6,10.0,-8.726,157.487
559,6.5,6,7,0,698,390,0.0,17.7,27.0,-19.394,-70.321
560,7.3,0,4,0,820,430,0.0,15.0,595.0,-17.239,178.331
561,6.6,7,6,0,677,305,0.0,20.4,18.0,-8.207,118.631
562,6.8,0,6,0,711,424,0.0,21.4,34.0,29.218,129.782
563,6.9,4,6,0,972,397,0.0,11.0,130.0,-6.133,130.385
564,6.8,0,5,0,711,174,0.0,30.2,35.0,-13.298,165.91
565,7.4,0,7,0,842,314,0.0,20.2,31.1,-13.093,166.497
566,7.8,0,6,0,936,195,0.0,20.3,35.0,-12.517,166.382
567,7.7,4,7,0,916,283,0.0,23.2,45.0,-13.006,166.51
568,6.6,7,7,0,787,417,0.0,30.1,9.0,-2.482,101.524
569,7.6,8,8,0,1639,498,0.0,14.0,81.0,-0.72,99.867
570,8.1,7,6,0,1055,520,0.0,20.8,18.0,-15.489,-172.095
571,7.0,7,7,0,1175,312,0.0,16.3,46.0,-7.782,107.297
572,6.7,5,6,0,753,369,0.0,14.9,20.0,-1.479,99.49
573,6.6,4,5,0,703,336,0.0,14.1,53.0,32.821,140.395
574,7.5,7,6,0,1248,303,0.0,18.2,24.0,14.099,92.902
575,7.1,5,4,0,1005,447,0.0,14.2,292.0,33.167,137.944
576,6.9,5,7,0,1202,243,0.0,35.0,10.0,29.039,-112.903
577,7.8,6,8,0,1165,434,0.0,16.8,12.0,-45.762,166.562
578,6.7,5,5,0,693,269,0.0,13.8,64.0,-5.157,153.782
579,7.3,7,8,0,1560,464,0.0,27.2,19.0,16.731,-86.217
580,7.6,7,5,0,916,504,0.0,14.0,31.0,-23.043,-174.66
581,7.2,3,7,0,802,432,0.0,18.6,20.0,3.886,126.387
582,7.4,7,7,0,846,314,0.0,21.1,23.0,-0.691,133.305
583,6.6,5,4,0,765,344,0.0,22.6,204.8,36.419,70.743
584,7.7,5,7,0,918,288,0.0,29.8,17.0,-0.414,132.885
585,7.4,9,7,0,848,365,0.0,33.7,30.0,1.271,122.091
586,6.7,5,6,0,731,481,0.0,28.6,24.0,14.423,-92.364
587,6.7,0,6,0,691,529,0.0,22.3,27.4,39.533,73.824
588,6.8,0,6,0,711,500,0.0,22.2,25.0,41.892,143.754
589,6.6,0,6,0,670,463,0.0,14.1,96.0,1.885,127.363
590,6.9,0,6,0,732,531,0.0,14.9,110.0,-13.501,166.967
591,6.7,4,7,0,692,325,0.0,28.0,12.0,30.901,83.52
592,6.8,8,7,0,1046,633,0.0,20.2,108.0,39.802,141.464
593,7.0,5,5,0,840,577,0.0,18.2,22.0,37.552,142.214
594,6.9,5,5,0,825,0,0.0,0.0,25.5,37.55,142.714
595,6.6,4,5,0,680,630,0.0,18.4,17.0,11.005,91.824
596,6.9,7,8,0,888,654,0.0,17.1,7.8,39.03,140.881
597,7.9,9,9,0,1870,774,0.0,11.3,19.0,31.002,103.322
598,6.9,5,5,0,910,519,0.0,21.1,27.0,36.164,141.526
599,7.3,0,6,0,820,486,0.0,13.4,33.0,-20.071,168.892
600,7.2,0,7,0,798,532,0.0,25.9,10.0,35.49,81.467
601,6.9,4,5,0,740,544,0.0,25.9,24.0,13.351,125.63
602,6.7,5,6,0,696,543,0.0,15.1,25.0,-2.245,99.808
603,6.6,4,6,0,674,421,0.0,17.7,25.0,-2.332,99.891
604,7.2,4,7,0,832,505,0.0,18.4,25.0,-2.486,99.972
605,6.5,4,6,0,654,429,0.0,28.3,22.0,-2.405,99.931
606,7.4,5,7,0,914,607,0.0,16.4,26.0,2.768,95.964
607,6.5,8,5,0,692,650,0.0,30.7,28.0,36.345,21.863
608,6.9,6,6,0,941,645,0.0,30.6,29.0,36.501,21.67
609,6.5,7,6,0,723,521,0.0,27.6,83.0,16.357,-94.304
610,6.6,7,6,0,808,461,0.0,18.8,20.0,-39.011,178.291
611,6.7,5,7,0,704,481,0.0,30.3,45.0,-22.954,-70.182
612,7.4,7,7,0,1542,663,0.0,13.4,156.0,14.944,-61.274
613,6.6,3,6,0,672,280,0.0,26.9,16.0,-10.95,162.149
614,6.5,5,7,0,653,272,0.0,27.6,18.0,-8.224,118.467
615,6.5,7,7,0,657,353,0.0,27.5,20.0,-8.292,118.37
616,6.8,6,6,0,722,341,0.0,15.9,53.0,-5.757,147.098
617,6.8,7,6,0,790,649,0.0,27.0,122.9,-2.312,-77.838
618,6.8,6,7,0,716,285,0.0,40.1,26.0,-22.925,-70.237
619,7.7,8,7,0,995,610,0.0,22.4,40.0,-22.247,-69.89
620,6.8,3,5,0,713,494,0.0,23.9,21.0,-3.899,101.02
621,6.8,4,7,0,744,338,0.0,19.0,18.0,-44.796,167.553
622,6.8,4,5,0,713,348,0.0,15.5,40.0,-4.99,153.5
623,6.7,3,5,0,696,503,0.0,26.9,30.0,-1.999,100.141
624,7.0,4,7,0,768,537,0.0,23.1,22.0,-2.13,99.627
625,6.5,0,5,0,650,409,0.0,26.2,28.9,-1.689,99.668
626,7.9,8,7,0,1133,446,0.0,29.1,35.0,-2.625,100.841
627,7.8,7,8,0,1152,0,0.0,0.0,40.5,-2.52,100.139
628,8.4,0,6,0,1086,411,0.0,32.3,34.0,-4.438,101.367
629,6.8,5,6,0,747,653,0.0,17.6,15.0,2.966,-77.963
630,7.2,0,5,0,798,312,0.0,21.3,35.0,-11.61,165.762
631,6.5,5,6,0,675,382,0.0,12.8,15.0,-9.834,159.465
632,8.0,9,8,0,1385,625,0.0,25.7,39.0,-13.386,-76.603
633,7.5,0,5,0,865,228,0.0,30.7,280.0,-5.859,107.419
634,7.2,7,7,0,803,494,0.0,20.4,120.0,-15.595,167.68
635,6.9,3,5,0,734,374,0.0,24.1,25.0,2.872,127.464
636,6.8,5,4,0,779,664,0.0,18.2,350.4,36.808,134.85
637,6.6,8,8,0,831,782,0.0,16.7,12.0,37.535,138.446
638,6.7,6,6,0,972,468,0.0,37.7,23.0,13.554,-90.618
639,6.9,0,7,0,732,305,0.0,15.3,10.0,-7.306,155.741
640,6.6,0,7,0,670,251,0.0,16.0,10.0,-7.169,155.777
641,8.1,9,8,0,1025,439,0.0,14.7,24.0,-8.466,157.043
642,6.7,7,8,0,782,493,0.0,23.9,8.0,37.336,136.588
643,7.1,3,6,0,779,426,0.0,25.3,34.0,-20.617,169.357
644,6.7,0,6,0,691,253,0.0,40.3,12.0,-1.034,126.976
645,7.5,6,5,0,874,570,0.0,21.6,22.0,1.065,126.282
646,8.1,4,5,0,1034,606,0.0,14.0,10.0,46.243,154.524
647,6.9,6,7,0,798,466,0.0,31.6,10.0,21.974,120.493
648,7.1,8,7,0,1023,744,0.0,29.1,10.0,21.799,120.547
649,8.3,4,7,0,1064,576,0.0,20.9,10.0,46.592,153.266
650,6.6,0,6,0,670,352,0.0,18.6,11.0,-6.482,151.195
651,6.7,5,6,0,732,444,0.0,53.4,23.0,-13.457,-76.677
652,6.7,5,6,0,692,533,0.0,15.6,32.0,-5.881,150.982
653,6.7,8,9,0,1481,43,0.0,124.0,38.182,19.877,-155.935
654,6.9,3,3,0,737,702,0.0,20.9,28.0,-16.592,-172.033
655,6.8,0,6,0,711,459,0.0,28.4,38.0,-6.759,155.512
656,6.5,0,6,0,650,700,0.0,47.4,43.0,51.148,157.522
657,6.8,5,5,0,713,551,0.0,26.2,150.0,-15.798,167.789
658,7.7,7,5,0,947,357,0.0,36.8,20.0,-9.284,107.419
659,6.5,0,6,0,650,477,0.0,20.3,34.0,-5.724,151.133
660,6.6,0,7,0,670,548,0.0,28.0,19.0,60.772,165.743
661,6.8,4,5,0,719,701,0.0,16.3,12.0,0.093,97.05
662,8.0,7,7,0,1013,626,0.0,20.7,55.0,-20.187,-174.123
663,8.0,8,9,0,1026,0,0.0,0.0,60.5,-19.99,-173.907
664,6.5,7,7,0,653,282,0.0,46.3,12.0,-27.211,-71.056
665,6.7,6,7,0,696,277,0.0,25.6,12.0,-27.017,-71.022
666,6.6,0,8,0,670,645,0.0,28.4,11.0,60.491,167.516
667,7.6,0,8,0,889,579,0.0,18.5,22.0,60.949,167.089
668,6.5,3,5,0,654,247,0.0,25.5,14.0,-16.527,176.989
669,6.7,0,7,0,691,306,0.0,21.3,30.1,-3.595,127.214
670,7.0,5,9,0,891,412,0.0,23.2,11.0,-21.324,33.583
671,6.7,7,6,0,934,769,0.0,19.7,66.0,36.311,23.212
672,6.6,7,6,0,703,323,0.0,48.2,14.0,28.164,-112.117
673,6.5,6,5,0,721,529,0.0,20.5,224.6,36.357,71.093
674,6.8,5,7,0,744,561,0.0,20.0,22.0,-6.224,29.83
675,6.5,4,5,0,683,464,0.0,48.8,29.0,38.089,142.122
676,6.5,3,6,0,651,358,0.0,20.7,21.0,2.164,96.786
677,6.8,0,6,0,711,509,0.0,30.1,147.0,-22.361,-67.895
678,7.6,9,9,0,1267,724,0.0,21.1,26.0,34.539,73.588
679,6.6,0,6,0,670,402,0.0,17.7,25.0,-5.437,151.84
680,7.5,8,7,0,1018,696,0.0,26.2,115.0,-5.678,-76.398
681,7.6,5,7,0,891,502,0.0,20.0,90.0,-4.539,153.474
682,7.2,7,7,0,1104,698,0.0,19.6,36.0,38.276,142.039
683,7.2,4,5,0,808,636,0.0,26.4,16.0,7.92,92.19
684,6.7,3,6,0,693,398,0.0,22.3,21.0,1.819,97.082
685,6.6,6,5,0,719,446,0.0,21.1,27.0,11.245,-86.172
686,7.2,5,4,0,1318,420,0.0,31.4,16.0,41.292,-125.953
687,7.8,8,7,0,1020,714,0.0,16.1,115.6,-19.987,-69.197
688,6.9,5,7,0,740,635,0.0,26.0,30.0,1.989,97.041
689,6.7,6,5,0,731,695,0.0,20.9,34.0,0.587,98.459
690,6.5,3,6,0,657,478,0.0,21.2,30.0,-1.714,99.779
691,6.7,5,6,0,717,656,0.0,21.2,19.0,-1.644,99.607
692,8.6,0,8,0,1138,510,0.0,22.1,30.0,2.085,97.108
693,6.6,8,7,0,805,401,0.0,22.9,10.0,33.807,130.131
694,7.1,0,5,0,776,569,0.0,18.1,201.7,-6.527,129.933
695,6.8,0,6,0,711,444,0.0,33.8,36.0,2.908,95.592
696,6.5,0,7,0,650,371,0.0,31.8,10.0,-5.562,122.129
697,6.5,3,5,0,652,286,0.0,47.3,39.7,4.756,126.421
698,6.7,0,4,0,691,457,0.0,30.2,206.3,-14.252,167.259
699,7.1,7,3,0,782,640,0.0,26.4,525.0,5.293,123.337
700,6.6,6,4,0,676,225,0.0,78.5,27.8,34.064,141.491
701,6.6,0,5,0,670,353,0.0,31.9,16.1,8.879,92.375
702,7.2,5,6,0,802,385,0.0,27.9,39.2,6.91,92.958
703,9.1,0,8,0,1274,601,0.0,22.0,30.0,3.295,95.982
704,8.1,0,5,0,1009,331,0.0,59.3,10.0,-49.312,161.345
705,6.8,5,6,0,858,639,0.0,21.8,10.0,18.958,-81.409
706,6.8,4,7,0,724,759,0.0,23.6,35.0,42.9,145.228
707,7.0,4,7,0,771,929,0.0,23.9,39.0,43.006,145.119
708,7.1,0,7,0,776,439,0.0,28.8,10.0,-3.609,135.404
709,7.1,5,5,0,782,585,0.0,14.7,10.0,-46.676,164.721
710,7.2,8,8,0,820,708,0.0,50.2,15.0,4.695,-77.508
711,7.5,5,7,0,870,301,0.0,33.8,10.0,-8.152,124.868
712,6.7,0,6,0,691,233,0.0,21.5,10.0,-11.128,162.208
713,6.7,7,4,0,703,459,0.0,37.3,10.0,49.277,-128.772
714,6.6,0,8,0,670,782,0.0,37.0,16.0,37.226,138.779
715,6.7,5,6,0,705,698,0.0,24.7,94.0,24.53,122.694
716,7.0,0,6,0,754,441,0.0,32.2,35.0,11.422,-86.665
717,6.5,5,5,0,665,526,0.0,18.3,105.0,13.925,120.534
718,6.8,0,6,0,711,545,0.0,15.7,36.0,-10.951,162.161
719,6.6,0,4,0,670,478,0.0,29.8,10.0,33.205,137.227
720,7.4,0,5,0,842,594,0.0,27.5,10.0,33.184,137.071
721,7.2,0,5,0,798,643,0.0,28.4,14.0,33.07,136.618
722,6.5,0,7,0,650,349,0.0,30.1,5.0,-35.173,-70.525
723,6.5,0,7,0,650,305,0.0,39.0,13.4,-0.443,133.091
724,6.9,0,5,0,732,798,0.0,31.2,188.6,55.682,160.003
725,6.6,0,7,0,670,282,0.0,46.9,21.0,-37.695,-73.406
726,6.7,0,5,0,691,386,0.0,27.6,65.8,-9.362,122.839
727,6.5,0,4,0,650,424,0.0,29.9,228.4,-13.174,167.198
728,6.6,0,4,0,670,728,0.0,18.3,187.1,36.512,71.029
729,6.7,0,7,0,691,256,0.0,33.3,25.7,-3.665,135.339
730,7.3,0,7,0,820,390,0.0,23.0,10.0,-4.003,135.023
731,7.0,0,7,0,754,367,0.0,33.0,16.6,-3.615,135.538
732,6.7,0,6,0,691,243,0.0,42.5,17.4,-3.12,127.4
733,7.3,0,4,0,820,235,0.0,46.6,10.0,-22.015,169.766
734,6.6,0,9,0,670,552,0.0,44.8,10.0,28.995,58.311
735,6.5,0,6,0,650,405,0.0,48.4,33.0,8.416,-82.824
736,6.5,7,9,0,1390,65,0.04685,71.0,8.382,35.7005,-121.101
737,6.8,0,7,0,711,447,0.0,27.7,10.0,23.039,121.362
738,6.6,0,6,0,670,384,0.0,25.1,35.0,-5.581,150.88
739,6.5,0,6,0,650,487,0.0,45.9,35.0,12.025,125.416
740,6.6,0,5,0,670,475,0.0,26.2,113.7,-19.262,168.892
741,7.0,0,5,0,754,568,0.0,61.2,10.0,37.812,142.619
742,6.7,0,6,0,691,556,0.0,55.4,32.0,42.648,144.57
743,6.7,0,7,0,691,643,0.0,24.5,10.0,50.211,87.721
744,6.5,0,5,0,650,586,0.0,71.3,25.0,42.45,144.38
745,7.3,0,7,0,820,667,0.0,24.5,16.0,50.038,87.813
746,7.4,0,7,0,842,514,0.0,78.8,33.0,41.774,143.593
747,8.16,0,9,0,1024,0,0.0,0.0,27.0,41.815,143.91
748,6.6,0,7,0,670,518,0.0,24.7,10.0,19.917,95.672
749,7.2,0,7,0,798,428,0.0,17.5,28.0,-45.104,167.144
750,7.6,0,6,0,889,315,0.0,25.2,10.0,-60.532,-43.411
751,6.5,0,6,0,650,156,0.0,31.4,33.0,-3.828,152.174
752,6.8,0,7,0,711,398,0.0,39.1,33.0,-30.608,-71.637
753,6.9,0,5,0,732,733,0.0,26.7,174.8,55.492,159.999
754,6.6,0,6,0,670,419,0.0,27.8,33.0,-5.095,152.502
755,7.0,0,6,0,754,473,0.0,30.3,31.0,2.354,128.855
756,7.0,0,7,0,754,690,0.0,19.1,68.0,38.849,141.568
757,6.8,0,9,0,711,534,0.0,19.4,12.0,36.964,3.634
758,6.5,0,7,0,650,247,0.0,28.7,33.0,-8.294,120.743
759,6.8,0,7,0,711,431,0.0,38.4,40.2,-4.694,153.238
760,7.6,0,7,0,889,551,0.0,0.0,24.0,18.77,-104.104
761,6.5,0,6,0,650,316,0.0,0.0,24.0,13.626,-90.774
762,7.3,0,6,0,820,457,0.0,0.0,33.0,-10.491,160.77
763,6.7,0,5,0,691,323,0.0,0.0,71.9,-5.311,153.701
764,6.7,0,6,0,691,453,0.0,0.0,34.0,-4.786,153.275
765,7.9,8,9,0,1750,0,0.0,0.0,4.2,63.5141,-147.453
766,7.4,0,7,0,842,418,0.0,0.0,30.0,2.824,96.085
767,6.6,0,7,0,670,0,0.0,0.0,4.2,63.5144,-147.912
768,6.7,0,7,0,691,250,0.0,0.0,10.0,-1.511,133.973
769,7.6,0,7,0,889,375,0.0,0.0,10.0,-1.757,134.297
770,6.5,0,6,0,650,646,0.0,0.0,21.0,13.036,93.068
771,7.6,0,7,0,889,428,0.0,0.0,13.0,-3.302,142.945
772,6.5,0,4,0,650,260,0.0,0.0,30.0,14.101,146.199
773,6.5,0,7,0,650,533,0.0,0.0,10.0,7.929,-82.793
774,6.5,0,8,0,650,555,0.0,0.0,10.0,35.626,49.047
775,6.6,0,7,0,670,420,0.0,0.0,54.0,-30.805,-71.124
776,6.7,0,5,0,691,272,0.0,0.0,33.0,-12.592,166.383
777,7.1,0,7,0,776,257,0.0,0.0,85.7,13.088,144.619
778,6.7,0,7,0,691,462,0.0,0.0,62.0,-27.535,-70.586
779,6.8,0,6,0,711,292,0.0,0.0,24.9,16.985,-100.865
780,7.1,0,6,0,776,550,0.0,0.0,32.8,24.279,122.179
781,6.5,0,5,0,650,486,0.0,0.0,125.1,-21.663,-68.329
782,7.5,0,7,0,865,321,0.0,0.0,31.0,6.033,124.249
783,7.4,0,5,0,842,138,0.0,0.0,225.6,36.502,70.482
784,6.6,0,6,0,670,444,0.0,0.0,39.0,-5.345,151.248
785,6.5,0,7,0,650,482,0.0,0.0,5.0,38.573,31.271
786,6.7,0,8,0,691,333,0.0,0.0,11.0,-3.212,142.427
787,6.6,0,6,0,670,386,0.0,0.0,10.0,-17.664,168.004
788,7.2,0,6,0,798,427,0.0,0.0,21.0,-17.6,167.856
789,6.8,0,7,0,711,385,0.0,0.0,16.0,-9.613,159.53
790,6.8,0,5,0,711,499,0.0,0.0,14.0,23.954,122.734
791,6.5,0,5,0,650,605,0.0,0.0,123.8,39.402,141.089
792,7.8,0,9,0,936,368,0.0,0.0,10.0,35.946,90.541
793,7.0,0,7,0,754,254,0.0,0.0,33.0,-5.912,150.196
794,7.5,0,6,0,865,234,0.0,0.0,33.0,-4.102,123.907
795,7.0,0,6,0,754,482,0.0,0.0,37.0,12.686,144.98
796,6.5,0,6,0,650,174,0.0,0.0,33.0,-0.578,133.13
797,6.6,6,6,0,754,0,0.0,0.0,131.8,58.775,-154.701
798,6.5,0,8,0,650,483,0.0,0.0,10.0,39.059,24.244
799,7.6,0,7,0,889,398,0.0,0.0,33.0,-17.543,-72.077
800,6.6,0,7,0,670,324,0.0,0.0,62.0,-16.086,-73.987
801,6.7,0,6,0,691,422,0.0,0.0,24.0,-17.745,-71.649
802,8.4,0,8,0,1086,518,0.0,0.0,33.0,-16.265,-73.641
803,6.7,0,6,0,691,282,0.0,0.0,17.0,-7.41,155.865
804,6.8,0,7,0,711,596,0.0,0.0,50.0,34.083,132.526
805,6.5,0,6,0,650,206,0.0,0.0,33.0,-4.029,128.02
806,6.8,7,7,0,1441,67,0.0,31.0,51.798,47.149,-122.727
807,7.1,0,7,0,776,426,0.0,0.0,35.0,1.271,126.249
808,7.4,0,6,0,842,221,0.0,0.0,36.0,-4.68,102.562
809,6.6,0,8,0,670,273,0.0,0.0,10.0,13.671,-88.938
810,7.7,0,9,0,912,472,0.0,0.0,16.0,23.419,70.232
811,6.9,0,6,0,732,117,0.0,0.0,28.0,-4.022,101.776
812,7.7,0,8,0,912,427,0.0,0.0,60.0,13.049,-88.66
813,6.9,5,7,0,745,0,0.0,0.0,36.4,56.7744,-153.281
814,7.1,0,7,0,776,372,0.0,0.0,103.0,-14.928,167.17
815,6.8,0,5,0,711,64,0.0,0.0,33.0,6.631,126.899
816,7.5,0,7,0,865,324,0.0,0.0,33.0,6.898,126.579
817,6.5,0,7,0,650,401,0.0,0.0,31.0,-4.218,152.725
818,7.0,0,7,0,754,495,0.0,0.0,30.0,39.566,54.799
819,6.5,0,6,0,650,268,0.0,0.0,33.0,40.167,49.954
820,6.8,0,6,0,711,446,0.0,0.0,50.4,40.245,49.946
821,6.8,0,6,0,711,402,0.0,0.0,33.0,-5.228,151.771
822,6.6,0,6,0,670,267,0.0,0.0,33.0,-5.097,153.181
823,7.8,0,7,0,936,346,0.0,0.0,33.0,-5.496,151.781
824,6.5,0,6,0,650,71,0.0,0.0,33.0,-4.827,153.226
825,7.8,0,7,0,936,294,0.0,0.0,30.0,-5.233,153.102
826,8.0,0,7,0,985,254,0.0,0.0,33.0,-3.98,152.169
827,6.5,0,7,0,650,462,0.0,0.0,17.0,7.042,-77.829
828,7.0,0,7,0,754,60,0.0,0.0,50.0,-4.766,153.945
829,6.8,0,6,0,711,415,0.0,0.0,38.0,-6.549,105.63
830,6.7,0,8,0,691,390,0.0,0.0,10.0,35.456,133.134
831,7.0,0,7,0,754,357,0.0,0.0,23.0,-15.421,166.91
832,6.5,0,6,0,650,415,0.0,0.0,34.0,-7.977,30.709
833,6.8,0,6,0,711,336,0.0,0.0,16.0,-4.11,127.394
834,6.5,0,6,0,650,481,0.0,0.0,45.8,18.198,-102.48
835,6.8,0,7,0,711,593,0.0,0.0,10.0,48.786,142.246
836,6.6,0,6,0,670,218,0.0,0.0,33.0,-12.037,166.448
837,6.5,0,7,0,650,428,0.0,0.0,10.0,33.901,139.376
838,6.6,0,5,0,670,367,0.0,0.0,10.0,-7.747,150.917
839,6.5,0,6,0,650,0,0.0,0.0,42.9,57.3546,-154.198
840,6.5,0,9,0,650,351,0.0,0.0,10.0,63.98,-20.758
841,7.9,0,5,0,960,405,0.0,0.0,10.0,-13.802,97.453
842,6.5,0,8,0,650,406,0.0,0.0,10.0,63.966,-20.487
843,6.7,0,5,0,691,352,0.0,0.0,33.0,-4.612,101.905
844,6.7,0,5,0,691,147,0.0,0.0,33.0,-4.646,102.102
845,7.9,0,8,0,960,379,0.0,0.0,33.0,-4.721,102.087
846,7.2,0,5,0,798,0,0.0,0.0,225.0,-23.548,-66.452
847,7.6,0,7,0,889,0,0.0,0.0,26.0,-1.105,123.573
848,6.6,0,8,0,670,0,0.0,0.0,10.0,-6.817,143.807
849,6.6,0,6,0,670,0,0.0,0.0,33.0,-5.844,150.876
850,6.8,0,6,0,711,0,0.0,0.0,61.1,43.046,146.837
851,7.2,0,6,0,798,0,0.0,0.0,183.4,-16.925,-174.248
852,6.9,0,6,0,732,0,0.0,0.0,33.0,-10.86,165.354
853,6.5,0,6,0,650,0,0.0,0.0,56.0,-6.845,105.555
854,7.3,0,7,0,820,0,0.0,0.0,33.0,15.766,119.74
855,7.0,0,7,0,754,0,0.0,0.0,43.6,57.3424,-154.347
856,6.6,0,5,0,670,0,0.0,0.0,128.1,-18.901,-69.171
857,7.5,0,7,0,865,0,0.0,0.0,33.0,-16.423,168.214
858,7.0,0,6,0,754,0,0.0,0.0,33.0,-6.351,148.763
859,6.9,0,6,0,732,0,0.0,0.0,47.5,-5.978,148.82
860,7.2,0,9,0,798,0,0.0,0.0,10.0,40.758,31.161
861,6.5,0,4,0,650,0,0.0,0.0,228.4,36.522,71.24
862,7.1,8,8,0,1576,73,0.0,57.0,13.73,34.6033,-116.265
863,7.5,0,8,0,865,0,0.0,0.0,60.6,16.059,-96.931
864,6.5,0,7,0,650,0,0.0,0.0,17.0,23.738,121.158
865,7.7,0,9,0,912,0,0.0,0.0,33.0,23.772,120.982
866,6.6,0,6,0,670,0,0.0,0.0,33.0,-16.117,168.039
867,6.9,0,6,0,732,0,0.0,0.0,20.0,9.044,-84.159
868,7.6,0,9,0,889,0,0.0,0.0,17.0,40.748,29.864
869,6.7,0,8,0,691,0,0.0,0.0,10.0,15.782,-88.33
870,7.0,0,7,0,754,0,0.0,0.0,70.0,18.386,-97.436
871,6.6,0,5,0,670,0,0.0,0.0,27.0,-5.165,152.877
872,7.1,0,7,0,776,0,0.0,0.0,73.7,-4.751,152.486
873,7.1,0,7,0,776,0,0.0,0.0,138.0,-5.159,150.88
874,6.8,0,5,0,711,0,0.0,0.0,164.2,-21.422,-176.46
875,7.4,0,7,0,842,0,0.0,0.0,150.0,-5.591,149.568
876,6.8,0,7,0,711,0,0.0,0.0,87.2,-16.66,-72.662
877,6.6,0,7,0,670,0,0.0,0.0,15.0,30.512,79.403
878,6.9,0,6,0,732,0,0.0,0.0,33.0,51.587,-177.668
879,6.9,0,5,0,732,0,0.0,0.0,56.6,52.056,159.52
880,7.1,0,6,0,776,0,0.0,0.0,33.0,5.397,121.937
881,6.6,0,7,0,670,0,0.0,0.0,33.0,28.343,57.193
882,7.3,0,7,0,820,0,0.0,0.0,90.1,-12.853,166.697
883,6.6,0,6,0,670,0,0.0,0.0,67.2,52.886,-169.123
884,7.0,0,7,0,754,0,0.0,0.0,114.1,-4.596,153.235
885,6.8,0,5,0,711,0,0.0,0.0,144.3,-21.632,-176.376
886,7.7,0,7,0,912,0,0.0,0.0,33.0,-2.071,124.891
887,7.0,0,7,0,754,0,0.0,0.0,33.0,-6.92,128.946
888,6.7,0,6,0,691,0,0.0,0.0,33.0,-6.954,129.022
889,6.6,0,5,0,670,0,0.0,0.0,151.6,-8.194,112.413
890,6.6,0,6,0,670,0,0.0,0.0,27.0,-29.45,-71.715
891,6.8,0,5,0,711,0,0.0,0.0,50.0,5.41,126.764
892,7.2,0,7,0,798,0,0.0,0.0,33.0,-0.593,-80.393
893,6.7,0,6,0,691,0,0.0,0.0,33.0,-2.693,138.901
894,7.0,0,7,0,754,0,0.0,0.0,10.0,-2.961,141.926
895,7.0,0,7,0,754,0,0.0,0.0,110.2,-11.04,166.16
896,6.6,0,6,0,670,0,0.0,0.0,33.0,37.106,70.11
897,6.6,0,8,0,670,0,0.0,0.0,24.0,-17.731,-65.431
898,6.7,0,6,0,691,0,0.0,0.0,33.0,0.207,119.584
899,6.6,0,6,0,670,0,0.0,0.0,61.4,-5.147,151.714
900,7.5,0,5,0,865,0,0.0,0.0,33.0,22.306,125.308
901,6.6,0,5,0,670,0,0.0,0.0,164.6,-8.148,-74.238
902,7.0,0,6,0,754,0,0.0,0.0,55.7,-0.544,99.261
903,6.6,0,8,0,670,0,0.0,0.0,9.0,30.154,57.605
904,7.1,0,7,0,776,0,0.0,0.0,42.0,-23.913,-70.207
905,6.7,0,6,0,691,0,0.0,0.0,23.4,-15.848,-179.376
906,6.6,0,7,0,670,0,0.0,0.0,34.8,-30.985,-71.41
907,6.6,0,6,0,670,0,0.0,0.0,33.0,14.374,-91.473
908,7.2,0,6,0,798,0,0.0,0.0,179.3,-5.495,147.867
909,7.8,0,7,0,936,0,0.0,0.0,33.0,54.841,162.035
910,7.0,0,6,0,754,0,0.0,0.0,24.0,1.241,122.536
911,6.6,0,7,0,670,0,0.0,0.0,33.0,37.57,20.656
912,7.0,0,6,0,754,0,0.0,0.0,123.1,-15.145,167.375
913,6.5,0,4,0,650,0,0.0,0.0,176.4,13.849,-88.808
914,7.5,0,7,0,865,0,0.0,0.0,33.0,35.069,87.325
915,7.2,0,7,0,798,0,0.0,0.0,112.0,-4.368,-76.681
916,7.1,0,7,0,776,0,0.0,0.0,58.0,-30.933,-71.22
917,7.8,0,7,0,936,0,0.0,0.0,167.3,-22.101,-176.772
918,6.5,0,5,0,650,0,0.0,0.0,105.6,9.79,125.779
919,6.8,0,5,0,711,0,0.0,0.0,198.7,3.849,-75.749
920,6.6,0,6,0,670,0,0.0,0.0,22.8,-3.562,144.362
921,6.9,0,6,0,732,0,0.0,0.0,33.0,16.333,-98.216
922,7.0,0,8,0,754,0,0.0,0.0,19.9,10.598,-63.486
923,6.8,0,6,0,711,0,0.0,0.0,19.0,-30.058,-71.872
924,6.5,0,6,0,650,0,0.0,0.0,70.0,18.684,-101.604
925,6.8,0,6,0,711,0,0.0,0.0,57.0,-20.438,169.287
926,6.5,0,4,0,650,0,0.0,0.0,196.0,36.411,70.945
927,7.3,0,9,0,820,0,0.0,0.0,10.0,33.825,59.809
928,6.5,0,6,0,650,0,0.0,0.0,100.8,13.986,144.901
929,6.7,0,7,0,691,0,0.0,0.0,5.0,11.112,-60.892
930,7.7,0,6,0,912,0,0.0,0.0,33.0,-12.584,166.676
931,6.5,0,6,0,650,0,0.0,0.0,69.1,-6.485,147.408
932,6.9,0,5,0,732,0,0.0,0.0,10.0,7.742,127.647
933,7.1,0,6,0,776,0,0.0,0.0,33.0,29.976,68.208
934,6.5,0,8,0,650,0,0.0,0.0,10.0,37.661,57.291
935,7.2,0,7,0,798,0,0.0,0.0,33.0,18.219,-102.756
936,6.5,0,4,0,650,0,0.0,0.0,226.5,43.207,138.92
937,6.7,0,6,0,691,0,0.0,0.0,49.2,31.789,131.314
938,6.9,0,7,0,732,0,0.0,0.0,33.0,35.345,78.133
939,7.7,0,7,0,912,0,0.0,0.0,33.0,-14.993,-75.675
940,6.7,0,7,0,691,0,0.0,0.0,22.0,31.885,131.468
941,6.6,0,7,0,670,0,0.0,0.0,10.0,30.568,131.093
942,6.8,0,6,0,711,0,0.0,0.0,24.0,-7.133,155.568
943,6.8,0,6,0,711,0,0.0,0.0,33.0,34.556,32.126
944,6.6,0,6,0,670,0,0.0,0.0,33.0,9.454,126.334
945,6.6,0,6,0,670,0,0.0,0.0,33.0,9.463,126.284
946,6.8,0,6,0,711,0,0.0,0.0,20.0,21.898,121.498
947,6.9,0,6,0,732,0,0.0,0.0,33.0,-10.769,161.445
948,7.0,0,6,0,754,0,0.0,0.0,33.0,1.0,120.45
949,6.6,0,6,0,670,0,0.0,0.0,33.0,1.016,120.254
950,6.8,0,6,0,711,0,0.0,0.0,18.3,17.6,-100.965
951,7.9,0,4,0,960,0,0.0,0.0,587.3,-7.137,122.589
952,7.1,0,6,0,776,0,0.0,0.0,33.0,12.614,125.154
953,7.3,0,7,0,820,0,0.0,0.0,26.3,51.478,-176.847
954,7.9,0,7,0,960,0,0.0,0.0,33.0,51.564,-177.632
955,6.7,0,4,0,691,0,0.0,0.0,200.1,-13.481,167.13
956,7.2,0,6,0,798,0,0.0,0.0,44.0,-6.518,154.999
957,6.6,0,7,0,670,0,0.0,0.0,49.5,-23.944,-70.093
958,6.7,0,5,0,691,0,0.0,0.0,164.4,-14.705,167.297
959,6.7,0,6,0,691,0,0.0,0.0,33.0,11.905,-86.772
960,6.6,0,6,0,670,0,0.0,0.0,33.0,11.657,-86.856
961,7.1,0,7,0,776,0,0.0,0.0,21.1,15.978,-98.07
962,7.5,0,6,0,865,0,0.0,0.0,10.0,-9.593,-79.587
963,6.5,0,6,0,650,0,0.0,0.0,31.9,-0.917,136.225
964,6.5,0,6,0,650,0,0.0,0.0,19.2,-0.567,135.84
965,8.09,0,8,0,1007,0,0.0,0.0,33.0,-0.891,136.952
966,6.7,0,4,0,691,0,0.0,0.0,40.8,37.353,142.38
967,7.2,0,6,0,798,0,0.0,0.0,42.6,45.324,149.892
968,6.6,0,10,0,670,0,0.0,0.0,11.1,27.291,100.276
969,6.6,0,7,0,670,0,0.0,0.0,33.0,53.826,159.586
970,7.9,0,8,0,960,0,0.0,0.0,24.0,0.729,119.931
971,7.1,0,6,0,776,0,0.0,0.0,141.9,-6.903,129.151
972,6.5,0,6,0,650,0,0.0,0.0,63.4,-3.703,140.233
973,7.9,0,6,0,960,0,0.0,0.0,33.0,44.663,149.3
974,7.2,0,9,0,798,0,0.0,0.0,10.0,28.826,34.799
975,6.7,0,7,0,691,0,0.0,0.0,19.9,-28.906,-71.417
976,7.2,0,6,0,798,0,0.0,0.0,159.3,16.84,-93.469
977,6.8,0,6,0,711,0,0.0,0.0,19.7,28.094,130.148
978,7.1,0,6,0,776,0,0.0,0.0,28.4,27.929,130.175
979,8.0,0,8,0,985,0,0.0,0.0,33.0,19.055,-104.205
980,6.8,0,7,0,711,0,0.0,0.0,33.0,-2.045,101.436
981,6.5,0,7,0,650,0,0.0,0.0,16.7,-2.778,-77.851
982,7.0,0,7,0,754,0,0.0,0.0,24.4,-2.75,-77.881
983,6.5,0,5,0,650,0,0.0,0.0,59.9,-10.68,-78.581
984,7.4,0,7,0,842,0,0.0,0.0,23.0,16.779,-98.597
985,6.6,0,5,0,670,0,0.0,0.0,12.2,26.092,-110.284
986,6.6,0,6,0,670,0,0.0,0.0,119.6,5.139,-75.577
987,7.2,0,6,0,798,0,0.0,0.0,33.0,-5.771,154.347
988,6.6,0,4,0,670,0,0.0,0.0,18.7,-5.429,153.773
989,7.7,0,6,0,912,0,0.0,0.0,30.1,-5.799,154.178
990,6.7,0,6,0,691,0,0.0,0.0,127.9,-4.836,151.515
991,8.0,0,8,0,985,0,0.0,0.0,45.6,-23.34,-70.294
992,6.8,0,8,0,711,0,0.0,0.0,12.5,21.966,99.196
993,6.6,0,5,0,670,0,0.0,0.0,139.4,-19.544,169.287
994,6.5,0,7,0,650,0,0.0,0.0,14.2,38.401,22.283
995,7.1,0,9,0,776,0,0.0,0.0,11.0,52.629,142.827
996,7.7,0,4,0,912,0,0.0,0.0,20.2,-23.008,169.9
997,6.9,0,6,0,732,0,0.0,0.0,11.2,-8.378,125.127
998,6.6,0,9,0,670,0,0.0,0.0,14.0,40.149,21.695
999,7.1,0,7,0,776,0,0.0,0.0,16.0,12.626,125.297
1000,7.0,8,7,1,768,117,0.509,17.0,14.0,-9.7963,159.596
1001,6.9,4,4,0,735,99,2.229,34.0,25.0,-4.9559,100.738
1002,7.0,3,3,1,755,147,3.125,18.0,579.0,-20.0508,-178.346
1003,7.3,5,5,1,833,149,1.865,21.0,37.0,-19.2918,-172.129
1004,6.6,0,2,1,670,131,4.998,27.0,624.464,-25.5948,178.278
1005,7.0,4,3,1,755,142,4.578,26.0,660.0,-26.0442,178.381
1006,6.8,1,3,1,711,136,4.678,22.0,630.379,-25.9678,178.363
1007,6.7,7,6,1,797,145,1.151,37.0,20.0,7.6712,-82.3396
1008,6.8,8,7,1,1179,175,2.137,92.0,20.0,18.33,-102.913
1009,7.6,9,8,1,1799,271,1.153,69.0,26.943,18.3667,-103.252
1010,6.9,9,9,1,887,215,0.401,34.0,10.0,23.1444,121.307
1011,6.5,7,7,1,756,178,0.43,54.0,10.0,23.029,121.348
1012,7.0,7,5,1,761,192,2.977,45.0,137.0,-21.2077,170.239
1013,7.6,8,8,1,965,272,3.158,12.0,116.0,-6.2237,146.471
1014,6.6,9,8,0,1043,141,8.454,34.0,12.0,29.7263,102.279
1015,6.6,7,6,1,672,68,5.293,34.0,30.0,-32.6922,-178.959
1016,7.0,9,8,1,1351,152,5.276,22.0,33.729,17.5978,120.809
1017,6.5,3,2,0,653,236,1.999,31.0,622.73,-9.0618,-71.1647
1018,7.2,7,5,1,876,144,2.494,40.0,236.0,-14.8628,-70.3081
1019,6.9,2,5,1,733,127,0.371,45.0,10.0,-54.1325,159.027
1020,6.8,6,5,1,762,162,1.505,30.0,220.0,-23.6141,-66.7236
1021,6.6,6,5,1,762,0,0.914,94.0,27.0,11.5538,-86.9919
1022,7.0,6,4,1,763,0,2.705,26.0,10.0,-22.5732,170.349
1023,6.9,6,4,1,738,0,2.697,42.0,10.0,-22.72,170.277
1024,6.7,8,7,1,806,0,0.289,32.0,24.0,23.3421,121.636
1025,7.3,9,8,1,2397,0,2.936,29.0,41.0,37.7015,141.587
1026,6.7,9,6,0,708,0,2.188,43.0,28.0,-0.6831,98.6034
1027,6.6,2,7,1,670,0,0.827,46.0,24.0,-30.0528,-177.74
1028,6.8,2,3,1,712,0,5.78,12.0,535.0,-23.7852,-179.968
1029,6.5,8,6,0,690,0,3.026,22.0,110.0,-4.455,-76.9395
1030,6.5,7,4,1,651,0,1.088,57.0,8.0,-29.535,-176.729
1031,6.6,8,6,0,785,0,2.418,22.0,33.0,-6.9291,105.251
1032,6.5,0,3,1,650,97,1.61607,108.0,37.0,52.502,-168.08
1033,6.5,0,3,1,650,23,0.0,208.8,37.0,52.502,-168.08
1034,6.6,8,5,1,674,0,0.507,49.0,19.0,52.6252,-168.15
1035,6.7,0,4,1,691,50,0.936943,126.0,33.0,52.48,-167.736
1036,6.7,0,4,1,691,20,0.0,205.2,33.0,52.48,-167.736
1037,6.8,7,6,1,730,0,0.92,61.0,20.0,52.6563,-167.917
1038,6.6,6,6,0,976,0,1.168,21.0,21.0,35.1456,31.9095
1039,6.6,9,8,0,1012,0,2.685,13.0,13.0,37.8167,101.299
1040,7.3,8,7,0,921,0,3.713,19.0,165.49,-7.5924,127.581
1041,7.3,9,5,1,854,0,1.025,32.0,14.27,-7.6033,122.2
1042,7.5,8,8,1,1094,0,4.951,40.0,126.0,-4.4898,-76.8461
1043,6.6,7,4,1,688,0,3.259,15.0,12.0,23.5414,126.48
1044,6.9,8,6,1,995,0,0.0,0.0,51.6,56.2581,-156.492
1045,6.9,4,3,1,740,0,4.778,31.0,535.0,-21.1704,174.54
1046,7.3,4,4,1,826,0,4.493,32.0,527.0,-21.1036,174.895
1047,6.5,7,5,1,684,0,0.993,114.0,21.0,12.1598,-87.8542
1048,7.0,8,8,1,2504,0,0.07,43.0,20.0,16.9502,-99.7877
1049,7.1,1,4,1,776,0,9.799,32.0,6.0,-60.3026,-24.9992
1050,6.6,1,3,1,670,0,8.865,19.0,7.0,-60.1023,-24.4608
1051,6.9,8,7,1,741,0,0.579,54.0,93.0,-14.892,167.085
1052,6.9,6,4,1,734,0,8.363,48.0,16.7,-58.3814,-23.3318
1053,7.2,9,8,1,2331,0,1.178,23.0,10.0,18.3521,-73.4804
1054,6.9,5,4,1,738,0,0.0,0.0,33.3,55.2364,-157.707
1055,6.9,5,4,1,738,0,1.173,36.0,20.74,55.2657,-157.68
1056,8.1,0,7,0,1009,0,7.463,78.0,22.79,-58.4157,-25.3206
1057,7.5,9,6,1,868,0,7.227,38.0,47.23,-57.5959,-25.1874
1058,7.1,9,7,1,846,0,1.273,25.0,55.14,6.4547,126.742
1059,8.2,8,6,1,1237,0,0.875,66.0,46.66,55.4742,-157.917
1060,8.2,8,7,1,1252,0,0.0,0.0,35.0,55.3154,-157.829
1061,6.7,8,5,1,935,0,8.139,12.0,110.0,13.6989,120.713
1062,6.7,6,6,1,830,0,1.395,61.0,10.0,7.5904,-82.8813
1063,6.5,0,4,1,650,0,7.994,24.0,25.0,-30.2144,-177.773
1064,6.5,5,7,1,652,0,4.518,44.0,10.0,-16.4796,-177.356
1065,7.3,9,9,0,1025,0,4.655,9.0,10.0,34.5861,98.2551
1066,6.7,8,4,0,698,0,1.487,37.0,11.0,0.1684,96.6475
1067,6.7,9,3,0,694,0,10.669,45.0,10.0,-17.2495,66.3745
1068,6.9,7,6,1,919,0,2.619,35.0,43.0,38.2296,141.665
1069,6.5,4,4,0,651,0,5.931,20.0,246.0,-21.6857,-177.064
1070,6.5,6,4,0,652,0,10.405,19.0,301.0,-18.9204,-176.235
1071,7.0,7,7,1,1052,0,2.378,35.0,43.0,38.4752,141.607
1072,6.6,5,5,1,672,0,3.183,18.0,13.23,54.7018,163.208
1073,6.5,0,4,0,650,0,11.764,25.0,24.0,-28.4792,-176.619
1074,8.1,9,8,1,1021,0,0.739,21.0,28.93,-29.7466,-177.224
1075,7.4,3,7,1,843,0,0.437,30.0,43.0,-29.6131,-177.842
1076,7.3,7,6,1,932,0,0.918,24.0,10.0,-37.596,179.544
1077,7.1,9,8,1,1612,0,3.085,11.0,43.98,37.6856,141.992
1078,7.7,9,4,1,918,0,7.989,15.0,10.0,-23.2787,171.489
1079,6.9,9,5,1,739,0,1.55,16.0,15.0,-61.8484,-55.559
1080,7.0,7,5,1,802,0,2.821,15.0,80.0,5.0074,127.517
1081,6.7,8,8,0,776,0,2.043,22.0,10.0,51.2407,100.443
1082,6.7,5,5,1,776,0,1.319,19.0,10.0,-39.3264,-74.9067
1083,7.0,8,7,0,1527,0,1.518,18.0,21.0,37.8973,26.7953
1084,7.6,9,7,1,1165,0,0.23,36.0,28.37,54.662,-159.675
1085,6.9,0,3,1,732,0,11.255,16.0,10.0,0.9604,-26.8332
1086,6.5,6,6,0,674,0,0.388,49.0,16.0,-27.9285,-71.3937
1087,6.8,6,7,1,824,0,0.312,69.0,21.0,-28.013,-71.1958
1088,6.5,4,5,0,651,0,15.394,31.0,10.0,0.8696,-29.7046
1089,6.9,4,3,0,749,0,2.267,20.0,624.0,-6.6704,123.493
1090,6.9,4,4,0,735,0,1.716,25.0,26.0,-4.2791,101.215
1091,6.8,5,4,0,716,0,1.816,34.0,22.0,-4.3724,101.095
1092,6.6,9,8,1,784,0,5.128,14.0,10.0,12.0065,124.13
1093,7.8,9,7,1,1111,0,0.621,60.0,28.0,55.1079,-158.477
1094,7.0,6,7,1,820,0,1.671,18.0,73.0,-7.847,147.755
1095,6.6,4,2,0,684,0,1.458,14.0,533.76,-5.6368,110.678
1096,7.4,8,8,1,1494,0,0.151,30.0,20.0,15.9163,-95.9533
1097,7.4,7,7,1,873,0,4.035,23.0,10.0,-33.2938,-177.838
1098,6.6,5,4,1,734,0,2.015,18.0,165.0,28.9386,128.262
1099,6.8,6,6,1,835,0,1.164,21.0,112.0,-23.2966,-68.4204
1100,6.5,7,8,0,1320,27,0.357,55.79,2.7,38.1689,-117.85
1101,6.6,4,6,1,671,0,3.403,12.0,107.0,-12.0662,166.648
1102,6.8,4,6,0,738,0,1.921,16.0,96.0,-6.7762,129.785
1103,6.5,7,6,0,678,0,1.293,19.0,10.0,34.1818,25.7101
1104,6.5,8,8,0,1410,0,0.885,31.0,12.06,44.4646,-115.118
1105,7.5,6,5,1,879,0,4.109,12.0,57.8,48.9638,157.695
1106,7.0,5,6,1,770,0,4.501,25.0,143.0,45.6161,148.959
1107,7.7,9,6,1,1812,0,1.657,26.0,14.86,19.4193,-78.756
1108,6.7,8,9,0,1247,0,0.87,49.0,10.0,38.4312,39.0609
1109,6.8,9,7,1,825,0,0.546,39.0,18.0,6.6969,125.174
1110,7.1,6,6,1,799,0,1.271,11.0,33.0,1.6213,126.416
1111,6.5,0,2,0,650,0,4.765,25.0,577.0,-21.9449,-179.511
1112,6.6,4,4,1,673,0,5.086,48.0,10.0,-18.5747,-175.272
1113,6.5,9,7,1,733,0,0.428,19.0,10.0,6.9098,125.178
1114,6.6,9,7,1,780,0,0.646,24.0,15.0,6.7567,125.008
1115,6.7,7,6,1,844,0,1.269,98.0,11.0,-35.4758,-73.163
1116,6.5,7,7,1,656,0,3.909,15.0,12.26,-3.4528,128.37
1117,6.6,2,3,1,671,0,4.121,19.0,591.0,-20.3641,-178.57
1118,6.6,0,4,1,670,0,12.896,19.0,16.0,-60.2152,-26.5801
1119,6.9,4,6,0,875,0,2.839,23.0,49.0,-7.2822,104.791
1120,6.8,6,6,1,947,0,0.817,35.0,25.0,-34.2364,-72.3102
1121,6.6,0,4,1,670,0,6.024,30.0,181.0,-16.1985,167.998
1122,7.2,7,7,1,809,0,1.504,38.0,18.98,-0.5858,128.034
1123,6.6,5,5,0,791,0,2.978,32.0,10.0,-18.2242,120.358
1124,6.9,7,5,0,747,0,1.205,21.0,35.0,0.5126,126.189
1125,7.1,9,9,0,1646,77,0.04616,43.0,8.0,35.7695,-117.599
1126,7.3,4,6,1,952,0,2.629,16.0,212.0,-6.4078,129.169
1127,7.3,8,6,1,830,0,1.402,11.0,46.0,-30.6441,-178.1
1128,6.6,7,6,1,886,0,1.193,22.0,57.92,13.1994,-89.3056
1129,8.0,9,8,1,1890,0,3.18,17.0,122.57,-5.8119,-75.2697
1130,7.6,7,7,1,929,0,0.453,16.0,10.0,-4.051,152.597
1131,7.1,7,6,1,826,0,2.514,16.0,146.0,-6.9746,146.449
1132,6.8,5,6,1,717,0,0.791,28.0,15.46,-1.8146,122.58
1133,6.5,0,5,1,650,0,7.568,18.0,38.0,-58.6262,-25.304
1134,7.0,7,4,1,869,0,2.501,42.0,267.0,-14.7131,-70.1546
1135,7.5,7,7,1,1145,0,2.045,15.0,145.0,-2.1862,-77.0505
1136,6.7,6,6,1,909,0,0.289,43.0,66.0,14.6802,-92.4527
1137,6.7,0,3,0,691,0,7.527,17.0,13.0,-43.1219,42.3568
1138,6.7,8,8,1,1600,0,0.173,22.0,63.0,-30.0404,-71.3815
1139,6.6,5,4,1,671,0,7.818,18.0,35.0,-13.336,166.875
1140,6.6,2,4,1,672,0,1.596,33.0,43.21,2.258,126.758
1141,6.8,3,3,0,715,0,1.181,16.0,570.41,-8.144,-71.587
1142,7.0,5,5,1,803,0,1.769,21.0,60.21,5.8983,126.921
1143,7.3,3,7,1,822,0,4.126,23.0,16.56,55.0999,164.699
1144,7.1,0,5,1,776,0,7.043,20.0,133.0,-58.5446,-26.3856
1145,6.6,0,4,1,670,0,2.679,31.0,10.0,-22.0629,169.733
1146,7.5,3,6,1,871,0,2.405,18.0,10.0,-21.9496,169.427
1147,7.1,8,8,1,1790,0,0.0,0.0,46.7,61.3464,-149.955
1148,6.8,0,3,1,711,0,2.879,39.0,540.0,-17.8735,-178.927
1149,6.7,3,4,1,693,0,7.853,19.0,10.0,71.6312,-11.2431
1150,6.8,8,7,0,954,0,2.268,15.0,14.0,37.5203,20.5565
1151,6.5,2,4,0,655,0,1.692,68.0,10.0,49.297,-129.724
1152,6.8,4,4,1,776,0,1.505,36.0,10.0,49.3346,-129.289
1153,6.5,3,4,1,669,0,1.611,63.0,10.0,49.2586,-129.412
1154,6.5,0,4,1,650,0,2.109,22.0,17.0,-21.7427,169.522
1155,6.7,0,3,1,691,0,2.705,17.0,461.0,52.8549,153.243
1156,6.5,0,4,1,650,0,3.923,14.0,20.0,49.2902,156.297
1157,7.0,6,6,1,758,0,1.778,18.0,39.0,-5.7012,151.205
1158,6.7,2,3,1,691,0,3.745,23.0,550.0,-18.3604,-178.063
1159,7.5,8,8,0,2026,0,1.649,13.0,20.0,-0.2559,119.846
1160,6.5,4,1,0,651,0,5.139,18.0,576.0,-25.415,178.199
1161,6.9,3,4,0,735,0,2.785,18.0,115.0,-31.7447,-179.373
1162,6.5,3,6,1,651,0,1.638,25.0,68.0,-10.0207,161.503
1163,7.9,7,4,1,979,0,1.431,12.0,670.81,-18.4743,179.35
1164,6.6,8,9,1,1075,0,1.13,32.0,35.0,42.6861,141.929
1165,7.1,2,5,1,776,0,2.548,23.0,21.43,-22.0295,170.126
1166,7.1,0,3,0,776,0,3.77,12.0,630.0,-11.0355,-70.8284
1167,6.5,6,7,1,652,0,4.797,10.0,9.0,-16.0315,168.143
1168,7.3,8,6,1,1570,0,1.822,15.0,146.82,10.7731,-62.9019
1169,6.9,7,7,0,1206,0,2.453,31.0,21.0,-8.319,116.627
1170,8.2,5,4,1,1050,0,3.63,13.0,600.0,-18.1125,-178.153
1171,6.5,5,3,0,743,0,2.719,23.0,529.0,-7.3718,119.802
1172,6.5,6,6,1,655,0,0.576,22.0,33.93,51.4234,-178.026
1173,6.9,9,8,0,1704,0,2.271,15.0,34.0,-8.2581,116.438
1174,6.9,7,8,1,1392,63,0.11,210.0,5.81,19.3182,-155.0
1175,6.8,5,3,0,733,0,5.32,16.0,559.0,-20.6588,-63.0058
1176,6.9,9,6,1,741,0,1.487,18.0,35.0,-5.5321,151.5
1177,6.7,5,6,1,696,0,1.507,15.0,40.0,-5.5024,151.402
1178,6.8,6,6,1,719,0,1.049,16.0,22.86,-4.3762,153.2
1179,6.7,8,7,1,697,0,5.457,19.0,20.49,-6.3043,142.612
1180,7.5,9,8,1,943,0,5.48,17.0,25.21,-6.0699,142.754
1181,7.2,7,7,1,1384,0,0.142,82.0,22.0,16.3855,-97.9787
1182,7.9,9,4,1,1870,0,2.585,30.0,14.06,56.0039,-149.166
1183,7.1,9,7,1,1075,0,4.29,23.0,39.0,-15.7675,-74.7092
1184,7.5,8,5,1,1623,0,4.581,12.0,19.0,17.4825,-83.52
1185,6.5,8,7,0,998,0,2.365,28.0,90.0,-7.4921,108.174
1186,6.5,1,5,1,651,0,17.654,23.0,17.0,-54.2189,2.1628
1187,7.0,4,6,1,771,0,0.617,14.0,10.0,-21.3246,168.671
1188,6.6,4,5,1,676,0,0.529,21.0,13.0,-21.5027,168.598
1189,6.5,8,8,1,1153,0,0.225,37.0,19.36,9.5147,-84.4865
1190,7.3,8,9,0,2790,0,0.284,33.0,19.0,34.9109,45.9592
1191,6.5,6,5,1,661,0,4.449,10.0,110.57,-4.2433,143.485
1192,6.8,5,5,1,727,0,4.852,21.0,10.0,-15.3197,-173.168
1193,6.6,3,5,1,674,0,0.788,29.0,22.0,-21.6484,168.859
1194,6.7,3,4,1,691,0,1.062,55.0,24.0,-21.6971,169.148
1195,6.7,3,3,0,694,0,1.634,16.0,553.81,-7.2168,123.074
1196,6.5,3,5,1,651,0,1.154,11.0,119.0,52.3909,176.769
1197,7.1,9,8,0,1686,0,0.984,23.0,48.0,18.5499,-98.4887
1198,8.2,9,7,1,2910,0,0.944,22.0,47.39,15.0222,-93.8993
1199,6.5,5,7,0,707,0,11.411,22.0,9.0,33.1926,103.855
1200,6.6,7,7,0,1064,0,0.913,16.0,7.0,36.9293,27.4139
1201,7.7,8,7,1,918,0,3.564,13.0,10.0,54.4434,168.857
1202,6.6,5,4,1,704,0,3.773,37.0,10.0,-49.4837,164.016
1203,6.5,9,8,1,740,0,4.139,30.0,9.0,11.1269,124.629
1204,6.8,6,6,1,1034,0,1.065,38.0,38.12,13.7174,-90.9718
1205,6.9,8,6,1,1188,0,0.247,35.0,93.0,14.9091,-92.0092
1206,6.8,0,4,1,711,0,2.308,12.0,5.0,54.0312,170.92
1207,6.6,7,7,0,678,0,2.353,18.0,12.0,-1.2923,120.431
1208,6.5,0,4,1,650,0,6.489,17.0,15.0,-56.414,-25.7432
1209,6.8,6,5,1,713,0,7.495,19.0,169.0,-14.5884,167.377
1210,6.9,9,6,1,814,0,1.636,14.0,26.0,5.5043,125.066
1211,6.9,9,7,1,1642,0,0.356,39.0,28.0,-33.0375,-72.0617
1212,6.5,7,8,0,1297,0,2.36,15.0,29.0,-22.6784,25.1558
1213,6.6,6,7,1,671,0,4.591,14.0,17.0,56.9401,162.786
1214,6.9,2,3,1,733,0,6.012,19.0,414.5,-23.2593,-178.804
1215,6.5,3,3,0,653,0,4.242,14.0,595.98,-19.2814,-63.9047
1216,6.5,8,7,1,718,0,2.822,36.0,15.0,9.9071,125.452
1217,7.9,9,7,1,987,0,3.625,9.0,135.0,-6.2464,155.172
1218,6.5,6,6,1,654,0,1.64,21.0,36.0,-10.3506,161.335
1219,7.3,6,3,1,849,0,3.813,18.0,627.17,4.4782,122.617
1220,6.9,6,4,1,742,0,2.495,13.0,12.0,-19.3733,176.052
1221,7.6,9,8,1,1152,0,0.355,29.0,38.0,-43.4064,-73.9413
1222,6.7,5,5,0,726,0,3.38,17.0,152.0,-7.5082,127.921
1223,7.9,9,7,1,972,0,1.389,13.0,94.54,-4.5049,153.522
1224,6.9,8,6,1,737,0,1.747,26.0,19.73,-10.749,161.132
1225,6.5,0,5,0,650,0,1.937,18.0,12.26,-10.8416,161.314
1226,7.8,9,8,1,961,0,1.836,13.0,40.0,-10.6812,161.327
1227,6.6,5,4,1,1120,0,1.405,55.0,8.45,40.4535,-126.194
1228,6.5,9,8,0,731,0,0.778,27.0,13.0,5.2834,96.1678
1229,6.6,8,7,0,693,0,1.697,20.0,17.0,39.2732,73.9776
1230,6.9,5,4,1,855,0,1.796,20.0,10.0,11.9097,-88.8968
1231,6.9,9,6,1,1144,0,0.671,10.0,9.0,37.3931,141.387
1232,6.5,7,7,1,664,0,0.283,56.0,9.0,-42.6058,173.254
1233,6.5,6,7,1,656,0,0.135,58.0,10.0,-42.3205,173.669
1234,7.8,9,9,1,1545,0,0.481,21.0,15.11,-42.7373,173.054
1235,6.6,9,8,0,2840,0,0.174,25.0,8.0,42.8621,13.0961
1236,6.6,3,3,0,677,0,2.022,16.0,614.0,-4.8626,108.163
1237,6.8,3,6,1,716,0,3.727,11.0,42.0,-6.0033,148.887
1238,6.9,2,3,1,733,0,4.051,9.0,596.4,-19.7819,-178.244
1239,7.0,5,6,1,897,0,0.698,21.0,19.0,-37.3586,179.146
1240,6.8,4,3,1,713,0,0.803,12.0,476.0,-3.6849,152.792
1241,6.8,6,6,0,981,0,1.802,17.0,82.0,20.9228,94.569
1242,7.2,6,5,1,799,0,4.823,14.0,16.37,-22.4765,173.117
1243,7.7,5,6,1,971,0,3.294,14.0,196.0,18.5429,145.507
1244,6.6,4,6,0,671,0,2.435,16.0,50.0,-2.0967,100.665
1245,7.2,1,6,1,798,0,5.803,24.0,78.0,-56.2409,-26.9353
1246,6.9,3,3,1,733,0,5.485,19.0,405.69,-21.9724,-178.204
1247,6.9,8,7,1,780,0,1.192,17.0,29.95,0.4947,-79.616
1248,6.7,5,7,1,744,0,1.352,21.0,16.0,0.4261,-79.7899
1249,7.0,7,7,1,755,0,0.616,14.0,24.0,-16.0429,167.379
1250,7.8,9,9,1,1163,0,1.44,15.0,20.59,0.3819,-79.9218
1251,7.0,9,9,1,2074,0,0.349,32.0,10.0,32.7906,130.754
1252,6.9,6,6,0,903,0,3.001,14.0,136.0,23.0944,94.8654
1253,6.6,6,4,0,738,0,0.789,17.0,212.0,36.4725,71.1311
1254,6.7,7,5,1,692,0,6.787,25.0,27.59,-13.9805,166.594
1255,6.7,7,6,1,691,0,6.697,19.0,24.0,-14.0683,166.624
1256,6.9,7,6,1,734,0,1.166,25.0,26.0,-14.3235,166.855
1257,7.8,4,3,0,948,0,7.009,20.0,24.0,-4.9521,94.3299
1258,7.2,3,7,1,799,0,0.958,17.0,177.0,53.9776,158.546
1259,7.1,7,7,1,1496,0,0.0,0.0,125.6,59.6204,-153.339
1260,6.6,3,4,1,673,0,2.413,74.0,10.0,18.8239,-106.934
1261,6.7,5,6,1,717,0,0.281,22.0,46.0,41.9723,142.781
1262,6.5,3,6,1,651,0,3.144,22.0,13.0,3.8965,126.862
1263,6.7,8,7,0,1515,0,1.794,16.0,55.0,24.8036,93.6505
1264,6.6,8,6,1,765,0,0.41,35.0,85.0,15.8015,-93.633
1265,6.9,8,5,0,738,0,2.979,14.0,21.0,-4.1064,129.508
1266,7.2,4,7,0,827,0,1.116,18.0,22.0,38.2107,72.7797
1267,6.7,2,3,0,691,0,2.033,19.0,602.75,-9.1825,-71.2574
1268,7.6,5,4,0,896,0,2.852,10.0,620.56,-10.0598,-71.0184
1269,7.6,6,5,1,957,0,3.287,10.0,606.21,-10.5372,-70.9437
1270,6.8,5,6,1,715,0,1.599,19.0,12.59,-8.8994,158.422
1271,6.5,7,7,0,1018,0,0.0,0.0,11.0,38.67,20.6
1272,6.7,5,4,0,702,0,1.444,17.0,12.0,31.0009,128.873
1273,6.9,5,6,0,744,0,0.821,43.0,10.0,-29.5097,-72.0585
1274,6.9,6,6,1,761,0,0.784,32.0,12.0,-29.5067,-72.0068
1275,6.6,7,4,0,675,0,2.792,31.0,10.0,6.8431,94.648
1276,6.8,7,7,1,841,0,0.258,41.0,46.0,-30.8796,-71.4519
1277,6.5,5,7,0,657,0,1.53,21.0,20.0,-8.3381,124.875
1278,7.5,8,7,0,1448,0,0.622,18.0,231.0,36.5244,70.3676
1279,7.1,6,6,1,780,0,0.592,11.0,135.0,-14.8595,167.303
1280,6.6,7,7,0,671,0,2.486,13.0,18.0,-0.6212,131.262
1281,6.6,5,7,1,820,0,1.064,14.0,35.0,-31.7275,-71.3792
1282,6.7,5,7,0,718,0,0.853,35.0,23.0,-31.5173,-71.804
1283,6.5,6,7,0,657,0,0.749,62.0,27.0,-31.4244,-71.6876
1284,7.0,8,7,0,799,0,0.903,13.0,28.41,-31.5622,-71.4262
1285,8.3,9,8,1,1960,0,0.684,19.0,22.44,-31.5729,-71.6744
1286,6.7,5,5,1,708,0,1.256,123.0,10.0,24.913,-109.623
1287,6.5,0,5,1,650,0,2.045,16.0,6.43,-9.3293,157.877
1288,6.6,3,5,1,671,0,1.872,20.0,22.0,-9.3438,158.053
1289,7.0,9,7,1,762,0,6.278,12.0,48.0,-2.6286,138.528
1290,6.9,4,7,1,734,0,0.444,39.0,29.0,52.376,-169.446
1291,7.0,8,6,1,759,0,5.205,22.0,11.0,-10.4012,165.141
1292,6.5,4,4,1,686,0,1.218,20.0,20.0,13.8672,-58.5479
1293,6.7,4,5,1,691,0,1.529,11.0,12.0,-9.307,158.403
1294,6.5,3,4,0,652,0,2.277,11.0,460.0,27.7375,139.725
1295,7.8,6,3,1,1151,0,1.675,12.0,664.0,27.8386,140.493
1296,6.8,5,6,1,762,0,0.0,0.0,72.6,56.594,-156.43
1297,6.8,1,5,1,711,0,3.619,18.0,10.0,-11.1093,163.215
1298,6.9,1,4,1,732,0,4.024,22.0,11.19,-11.0559,163.696
1299,6.8,1,4,1,711,0,4.395,15.0,11.0,-10.8759,164.169
1300,6.8,8,6,1,831,0,1.422,8.0,35.0,38.9056,142.032
1301,7.3,8,7,0,1563,0,0.677,11.0,15.0,27.8087,86.0655
1302,7.1,1,6,1,776,0,3.835,11.0,10.0,-7.2175,154.557
1303,7.5,7,8,1,869,0,1.295,22.0,55.0,-5.4624,151.875
1304,6.8,5,6,1,714,0,1.074,23.0,44.0,-5.2005,151.777
1305,6.7,5,6,1,692,0,1.239,12.0,31.0,-5.375,151.771
1306,6.7,7,7,0,1016,0,0.727,13.0,22.91,27.7711,86.0173
1307,6.6,8,7,0,733,0,1.778,16.0,10.0,28.2244,84.8216
1308,7.8,8,9,0,2820,0,1.857,12.0,8.22,28.2305,84.7314
1309,6.5,0,5,1,650,0,3.702,42.0,10.0,-15.8815,-178.6
1310,6.5,2,5,1,650,0,4.629,36.0,11.0,-15.4994,-173.029
1311,7.5,6,7,1,872,0,0.666,19.0,41.0,-4.7294,152.562
1312,7.0,4,6,0,760,0,1.362,12.0,552.06,-7.2968,122.535
1313,6.7,5,5,1,714,0,1.925,20.0,23.0,39.8558,142.881
1314,6.7,4,6,1,700,0,2.11,16.0,223.0,-23.1125,-66.688
1315,6.8,1,4,1,711,0,2.019,13.0,219.96,-17.0309,168.52
1316,6.5,1,4,1,650,0,4.318,61.0,8.0,5.9045,-82.6576
1317,6.6,7,6,1,709,0,2.485,43.0,20.0,7.9401,-82.6865
1318,6.6,1,5,1,670,0,3.246,12.0,23.0,-6.5108,154.46
1319,6.6,1,3,0,670,0,2.6,9.0,614.0,6.1572,123.126
1320,6.8,6,5,1,713,0,1.421,19.0,39.0,1.9604,126.575
1321,6.5,5,5,1,652,0,1.549,9.0,35.0,2.2999,127.056
1322,6.7,7,4,1,698,0,1.079,25.0,22.0,-37.6478,179.662
1323,7.1,4,6,1,779,0,1.397,18.0,45.0,1.8929,126.522
1324,6.6,2,6,1,671,0,3.557,13.0,53.19,-5.9873,148.232
1325,7.1,3,6,1,776,0,4.415,13.0,434.0,-19.6903,-177.759
1326,7.3,8,6,1,982,0,1.078,18.0,40.0,12.5262,-88.1225
1327,6.7,5,5,1,724,0,0.46,11.0,130.0,13.7641,144.429
1328,6.8,6,6,1,741,0,4.107,18.0,101.0,-14.598,-73.5714
1329,6.9,0,4,1,732,0,6.393,12.0,13.0,0.8295,146.169
1330,6.9,0,6,1,732,0,3.934,15.0,615.42,-19.8015,-178.4
1331,6.5,5,4,1,706,0,2.421,9.0,20.0,37.0052,142.452
1332,6.9,8,7,1,1079,0,0.263,51.0,53.0,14.724,-92.4614
1333,6.5,0,4,1,650,0,2.124,15.0,20.0,-6.2304,152.807
1334,6.7,0,5,1,691,0,6.713,45.0,18.0,-14.9831,-175.51
1335,6.9,0,5,1,732,0,4.838,25.0,8.0,-55.4703,-28.3669
1336,7.9,6,8,1,963,0,0.133,22.0,109.0,51.8486,178.735
1337,6.7,0,5,0,691,0,0.748,43.0,26.59,-29.9414,-177.607
1338,6.5,0,5,0,650,0,0.778,30.0,10.0,-29.9379,-177.516
1339,6.9,0,5,1,732,0,0.751,35.0,20.0,-29.9772,-177.725
1340,6.9,9,7,0,951,0,0.402,25.0,6.43,40.2893,25.3889
1341,6.5,7,5,1,694,0,3.121,33.0,10.0,7.2096,-82.3045
1342,6.6,0,5,1,670,0,3.34,10.0,106.0,-21.4542,170.355
1343,6.5,4,6,1,838,0,0.0,0.0,10.0,49.6388,-127.732
1344,7.5,0,6,1,865,0,3.82,16.0,43.37,-6.7547,155.024
1345,6.6,0,6,1,670,0,3.803,11.0,29.0,-6.6558,155.087
1346,7.2,8,7,1,1017,0,2.25,46.0,24.0,17.397,-100.972
1347,6.6,0,6,0,670,0,2.666,22.0,10.0,-11.1284,162.052
1348,7.4,0,6,1,842,0,2.885,17.0,39.0,-11.4633,162.051
1349,7.6,0,7,1,889,0,2.828,13.0,22.56,-11.2701,162.148
1350,6.6,6,5,1,677,0,0.761,20.0,135.0,11.642,-85.8779
1351,6.5,0,6,1,650,0,3.787,16.0,20.0,-6.7878,154.95
1352,7.1,0,7,1,776,0,3.729,21.0,60.53,-6.5858,155.048
1353,7.7,8,9,1,1057,0,1.029,44.0,22.4,-20.5709,-70.4931
1354,6.5,7,7,0,670,0,0.828,82.0,24.07,-20.3113,-70.5756
1355,6.9,0,5,0,732,0,0.828,119.0,28.42,-19.8927,-70.9455
1356,8.2,9,8,1,1332,0,0.609,23.0,25.0,-19.6097,-70.7691
1357,6.7,7,7,1,718,0,1.008,44.0,20.0,-19.9807,-70.7022
1358,6.8,5,5,1,1211,112,0.6568,229.0,16.441,40.8287,-125.134
1359,6.5,4,5,1,668,0,1.001,17.0,119.0,27.4312,127.367
1360,6.5,5,4,1,681,0,1.635,30.0,14.83,14.6682,-58.9272
1361,6.9,3,8,0,733,0,7.496,18.0,10.0,35.9053,82.5864
1362,6.5,0,5,1,650,0,0.409,20.0,122.0,-15.0691,167.372
1363,6.5,0,3,1,650,0,3.651,22.0,44.26,-32.9076,-177.881
1364,6.5,0,4,1,650,0,3.997,14.0,187.0,-13.8633,167.249
1365,6.5,3,4,0,651,0,5.194,22.0,371.0,-17.1171,-176.545
1366,7.7,1,8,1,912,0,8.05,23.0,10.0,-60.2738,-46.4011
1367,6.9,0,5,1,732,0,8.284,17.0,9.97,-60.2627,-47.0621
1368,6.6,6,7,1,723,0,0.636,31.0,27.0,-30.2921,-71.5215
1369,7.1,6,4,1,872,0,3.968,10.0,35.0,37.1557,144.661
1370,6.6,8,5,1,692,0,1.98,44.0,9.45,26.0913,-110.321
1371,6.8,0,6,1,711,0,5.79,9.0,35.0,-6.4456,154.931
1372,7.1,9,8,1,1092,0,3.144,12.0,19.04,9.8796,124.117
1373,6.6,5,6,0,691,0,1.984,40.0,40.0,35.5142,23.2523
1374,6.7,0,3,0,691,0,2.958,11.0,573.0,53.1995,152.786
1375,6.5,0,4,1,650,0,1.709,21.0,41.54,-30.9255,-178.323
1376,6.8,7,7,0,1005,0,7.359,17.0,12.0,27.1825,65.5052
1377,7.1,8,7,1,843,0,4.446,17.0,40.0,-15.8385,-74.5112
1378,7.7,5,8,0,2015,0,7.241,17.0,15.0,26.951,65.5009
1379,6.5,0,6,1,650,0,0.735,24.0,20.0,51.5573,-174.767
1380,6.5,5,3,0,739,0,3.276,26.0,402.0,29.9377,138.833
1381,6.5,4,5,0,668,0,3.097,11.0,112.0,-7.44,128.221
1382,7.0,5,6,0,758,0,0.624,53.0,29.0,51.537,-175.23
1383,6.5,9,7,1,690,0,0.0,0.0,8.2,-41.734,174.152
1384,6.7,4,5,1,715,0,3.741,22.0,12.0,5.7732,-78.1999
1385,6.5,6,7,1,693,229,0.0,20.0,17.0,-41.704,174.337
1386,7.3,0,6,1,820,398,0.0,43.0,11.0,-60.857,-25.07
1387,6.6,4,6,0,674,139,0.0,14.0,56.0,-6.029,149.706
1388,7.3,0,4,1,820,117,0.0,24.0,385.5,-3.917,153.927
1389,6.6,0,7,1,670,111,0.0,16.0,10.0,10.701,-42.594
1390,6.5,5,6,1,679,698,0.0,27.0,30.0,11.763,-86.926
1391,6.7,5,4,0,710,515,0.0,24.0,9.0,-10.004,107.236
1392,6.7,0,3,1,691,217,0.0,25.2,624.0,52.235,151.444
1393,8.3,5,5,1,1115,385,0.0,10.0,598.1,54.892,153.221
1394,7.4,0,6,1,842,626,0.0,16.0,173.7,-23.009,-177.232
1395,6.8,0,3,0,711,131,0.0,18.0,602.2,18.728,145.288
1396,6.5,0,6,1,650,264,0.0,16.6,10.0,-3.898,152.127
1397,6.6,8,8,0,2083,548,0.0,12.6,14.0,30.308,102.888
1398,7.2,5,7,1,804,770,0.0,10.1,110.0,46.221,150.788
1399,6.6,7,7,1,672,445,0.0,11.0,13.0,-3.214,142.542
1400,7.7,8,8,0,1421,506,0.0,26.6,80.0,28.033,61.996
1401,6.6,0,5,1,670,491,0.0,11.5,31.0,-6.475,154.607
1402,7.0,3,7,1,755,640,0.0,11.4,66.0,-3.517,138.476
1403,6.5,0,6,1,650,317,0.0,14.2,28.0,-6.598,148.174
1404,6.5,3,6,0,651,480,0.0,20.7,29.0,50.958,157.408
1405,6.9,5,6,1,736,531,0.0,20.7,41.0,50.954,157.283
1406,6.6,0,7,1,670,697,0.0,15.3,11.0,67.631,142.508
1407,6.6,0,6,1,670,421,0.0,16.6,18.0,-10.994,165.741
1408,6.9,5,5,1,904,562,0.0,23.7,145.0,1.135,-77.393
1409,7.1,9,6,1,780,334,0.0,16.5,21.0,-10.928,166.018
1410,6.8,0,7,1,711,400,0.0,17.5,12.0,-10.838,165.969
1411,6.7,0,6,1,691,387,0.0,26.5,11.0,-10.997,165.655
1412,7.0,0,6,0,754,445,0.0,17.5,8.8,-10.499,165.588
1413,7.1,0,5,0,776,550,0.0,18.4,10.0,-11.183,164.882
1414,8.0,8,7,1,993,460,0.0,20.9,24.0,-10.799,165.114
1415,6.9,6,7,0,814,686,0.0,28.0,107.0,42.77,143.092
1416,6.8,6,7,0,771,596,0.0,19.3,45.0,-28.094,-70.653
1417,7.5,6,6,0,1425,0,0.0,0.0,8.7,55.228,-134.859
1418,6.7,0,4,0,691,521,0.0,13.7,200.7,-14.344,167.286
1419,7.1,5,5,0,843,517,0.0,8.7,155.0,-6.533,129.825
1420,7.3,6,5,0,1014,918,0.0,14.8,31.0,37.89,143.949
1421,6.5,4,5,0,708,598,0.0,57.3,20.0,14.129,-92.164
1422,6.8,7,6,0,795,391,0.0,13.7,13.7,23.005,95.885
1423,7.4,8,7,0,1455,751,0.0,25.5,24.0,13.988,-91.895
1424,7.8,8,7,0,1726,807,0.0,42.7,14.0,52.788,-132.101
1425,6.5,6,6,0,745,691,0.0,34.4,17.0,10.086,-85.298
1426,6.6,3,5,0,675,291,0.0,17.7,13.0,-4.892,134.03
1427,7.3,7,6,0,1221,934,0.0,15.5,170.0,1.929,-76.362
1428,7.6,8,7,0,1555,703,0.0,34.3,35.0,10.085,-85.315
1429,7.6,8,5,0,1115,682,0.0,10.2,28.0,10.811,126.638
1430,7.3,5,5,0,994,417,0.0,37.0,28.0,12.139,-88.59
1431,6.6,4,5,0,678,497,0.0,14.6,91.1,2.19,126.837
1432,7.7,7,4,0,941,862,0.0,13.8,583.2,49.8,145.064
1433,6.5,5,6,0,653,576,0.0,11.7,41.0,-4.651,153.173
1434,6.6,4,5,0,675,529,0.0,15.7,134.7,-18.685,-174.705
1435,6.7,0,7,0,691,370,0.0,15.4,16.0,-1.617,134.276
1436,6.8,6,5,0,732,597,0.0,12.6,198.0,-5.462,147.117
1437,6.7,0,7,0,691,518,0.0,26.9,29.0,-32.625,-71.365
1438,7.0,7,7,0,1000,474,0.0,95.9,13.0,28.696,-113.104
1439,6.5,7,6,0,1171,599,0.0,54.1,20.0,18.229,-102.689
1440,8.2,9,6,0,1213,341,0.0,14.9,25.1,0.802,92.463
1441,8.6,9,7,0,2048,499,0.0,16.6,20.0,2.327,93.063
1442,7.1,7,7,0,1496,553,0.0,15.2,40.7,-35.2,-72.217
1443,6.6,6,6,0,709,640,0.0,10.1,118.0,-6.242,145.955
1444,7.4,9,8,0,1752,672,0.0,37.9,20.0,16.493,-98.231
1445,6.7,7,7,0,833,596,0.0,13.4,12.0,51.708,95.991
1446,6.7,9,7,0,1551,572,0.0,11.1,11.0,9.999,123.206
1447,7.1,5,5,0,793,573,0.0,12.0,23.0,-17.827,167.133
1448,7.2,4,4,0,838,443,0.0,17.0,19.0,2.433,93.21
1449,6.6,0,7,0,670,545,0.0,17.6,15.0,51.842,95.911
1450,7.1,6,6,0,834,485,0.0,10.6,135.0,-7.551,146.809
1451,6.5,8,7,0,1400,578,0.0,38.6,59.0,17.986,-99.789
1452,6.9,6,7,0,847,474,0.0,46.5,24.0,-14.438,-75.966
1453,7.1,9,9,0,1096,693,0.0,19.7,18.0,38.721,43.508
1454,6.5,3,6,0,655,423,0.0,12.6,37.0,-6.57,147.881
1455,6.9,8,8,0,1562,383,0.0,13.0,50.0,27.73,88.155
1456,6.7,5,5,0,712,667,0.0,10.9,30.0,40.273,142.779
1457,6.7,5,6,0,915,447,0.0,15.3,91.0,2.965,97.893
1458,7.0,7,5,0,761,406,0.0,15.3,185.1,-20.671,169.716
1459,7.0,6,6,0,913,471,0.0,26.9,147.0,-7.641,-74.525
1460,7.1,5,6,0,787,564,0.0,12.3,28.0,-18.311,168.218
1461,6.5,0,5,0,650,322,0.0,15.0,35.0,-18.308,168.156
1462,7.2,8,6,0,813,280,0.0,18.4,32.0,-18.365,168.143
1463,6.6,3,6,0,674,229,0.0,16.6,10.0,-3.518,144.828
1464,7.6,3,7,0,893,567,0.0,33.5,17.0,-29.539,-176.34
1465,6.7,6,6,0,749,592,0.0,24.9,33.0,39.955,142.205
1466,6.8,4,5,0,734,519,0.0,12.5,11.0,-20.244,168.226
1467,6.8,5,6,0,719,445,0.0,13.0,79.0,-10.375,161.2
1468,6.6,7,7,0,822,586,0.0,10.1,11.0,37.001,140.401
1469,7.1,8,8,0,1114,446,0.0,17.7,42.0,38.276,141.588
1470,6.6,7,6,0,897,518,0.0,37.2,166.2,17.208,-94.338
1471,6.9,7,9,0,1154,335,0.0,18.2,8.0,20.687,99.822
1472,6.6,6,5,0,673,668,0.0,9.5,25.7,39.241,142.463
1473,6.5,0,4,0,650,369,0.0,18.7,6.8,36.166,141.562
1474,7.7,7,4,0,931,507,0.0,10.8,18.6,38.058,144.59
1475,7.9,8,7,0,1140,163,0.0,48.4,42.6,36.281,141.111
1476,9.1,9,8,0,2184,541,0.0,9.5,29.0,38.297,142.373
1477,7.3,5,5,0,972,550,0.0,17.4,32.0,38.435,142.842
1478,6.7,5,6,0,731,358,0.0,33.9,21.0,-35.38,-72.834
1479,6.9,7,7,0,988,382,0.0,34.7,26.0,-36.422,-72.96
1480,7.2,7,7,0,1449,372,0.0,25.3,68.0,28.777,63.951
1481,7.0,2,5,0,755,578,0.0,13.3,9.0,-20.628,168.471
1482,7.2,8,7,0,1054,397,0.0,30.1,24.0,-38.355,-73.326
1483,7.3,0,5,0,820,409,0.0,12.0,16.0,-19.702,167.947
1484,6.7,3,7,0,708,279,0.0,24.3,12.0,28.412,59.18
1485,6.6,0,6,0,670,306,0.0,18.5,33.0,-6.001,149.977
1486,7.8,4,7,0,946,379,0.0,23.0,20.1,-3.487,100.082
1487,6.7,5,5,0,776,352,0.0,50.3,13.0,24.696,-109.156
1488,7.0,8,5,0,772,271,0.0,15.1,26.0,-4.963,133.76
1489,7.0,8,8,0,1245,365,0.0,15.8,12.0,-43.522,171.83
1490,7.1,6,5,0,945,672,0.0,12.4,206.7,-1.266,-77.306
1491,7.3,7,7,0,850,405,0.0,20.2,25.0,-17.541,168.069
1492,7.0,4,6,0,757,396,0.0,12.7,44.0,-5.746,150.765
1493,6.5,5,4,0,659,403,0.0,11.1,220.0,-5.486,146.822
1494,7.6,5,3,0,902,340,0.0,15.1,578.0,6.497,123.48
1495,7.3,8,7,0,831,397,0.0,18.2,35.0,-5.931,150.59
1496,6.9,4,7,0,737,456,0.0,15.7,28.0,-5.966,150.428
1497,6.6,6,7,0,753,295,0.0,52.8,22.0,-38.067,-73.31
1498,6.7,5,6,0,696,392,0.0,18.7,35.0,-10.627,161.447
1499,6.6,0,7,0,670,309,0.0,25.0,10.5,-2.329,136.484
1500,7.0,3,7,0,755,307,0.0,18.1,18.0,-2.174,136.543
1501,7.5,6,5,0,1144,514,0.0,18.6,35.0,7.881,91.936
1502,7.2,5,6,0,804,327,0.0,11.7,31.0,-13.698,166.643
1503,7.2,5,6,0,918,611,0.0,20.6,38.0,3.748,96.018
1504,6.9,6,9,0,773,410,0.0,14.9,17.0,33.165,96.548
1505,6.9,4,5,0,740,399,0.0,12.1,21.0,-10.878,161.116
1506,7.8,0,7,0,936,352,0.0,19.2,31.0,2.383,97.048
1507,7.2,9,9,0,2910,10,0.5137,239.0,9.987,32.2862,-115.295
1508,6.6,5,6,0,701,413,0.0,16.7,34.0,13.667,92.831
1509,6.7,5,6,0,856,312,0.0,34.7,18.0,-36.217,-73.257
1510,6.5,6,5,0,810,491,0.0,27.0,32.0,37.745,141.59
1511,7.0,7,7,0,874,403,0.0,17.1,18.0,-34.326,-71.799
1512,6.9,7,7,0,1280,415,0.0,12.5,11.0,-34.29,-71.891
1513,6.8,4,6,0,717,401,0.0,23.2,26.0,-3.762,100.991
1514,6.6,7,7,0,736,255,0.0,27.8,18.0,-36.665,-73.374
1515,6.5,0,4,0,650,426,0.0,18.7,176.0,-13.571,167.227
1516,7.4,0,5,0,842,409,0.0,17.6,35.0,-37.773,-75.048
1517,8.8,8,8,0,1991,454,0.0,17.8,22.9,-36.122,-72.898
1518,7.0,6,6,0,1180,487,0.0,15.7,25.0,25.93,128.425
1519,7.0,9,9,0,1623,500,0.0,22.7,13.0,18.443,-72.571
1520,6.5,7,7,0,1360,51,0.3225,220.0,28.737,40.652,-124.692
1521,6.8,3,6,0,713,338,0.0,15.0,15.4,-9.019,157.551
1522,7.1,5,7,0,780,377,0.0,15.0,10.0,-8.783,157.354
1523,6.6,5,7,0,672,282,0.0,16.6,10.0,-8.726,157.487
1524,6.5,6,7,0,698,390,0.0,17.7,27.0,-19.394,-70.321
1525,7.3,0,4,0,820,430,0.0,15.0,595.0,-17.239,178.331
1526,6.6,7,6,0,677,305,0.0,20.4,18.0,-8.207,118.631
1527,6.8,0,6,0,711,424,0.0,21.4,34.0,29.218,129.782
1528,6.9,4,6,0,972,397,0.0,11.0,130.0,-6.133,130.385
1529,6.8,0,5,0,711,174,0.0,30.2,35.0,-13.298,165.91
1530,7.4,0,7,0,842,314,0.0,20.2,31.1,-13.093,166.497
1531,7.8,0,6,0,936,195,0.0,20.3,35.0,-12.517,166.382
1532,7.7,4,7,0,916,283,0.0,23.2,45.0,-13.006,166.51
1533,6.6,7,7,0,787,417,0.0,30.1,9.0,-2.482,101.524
1534,7.6,8,8,0,1639,498,0.0,14.0,81.0,-0.72,99.867
1535,8.1,7,6,0,1055,520,0.0,20.8,18.0,-15.489,-172.095
1536,7.0,7,7,0,1175,312,0.0,16.3,46.0,-7.782,107.297
1537,6.7,5,6,0,753,369,0.0,14.9,20.0,-1.479,99.49
1538,6.6,4,5,0,703,336,0.0,14.1,53.0,32.821,140.395
1539,7.5,7,6,0,1248,303,0.0,18.2,24.0,14.099,92.902
1540,7.1,5,4,0,1005,447,0.0,14.2,292.0,33.167,137.944
1541,6.9,5,7,0,1202,243,0.0,35.0,10.0,29.039,-112.903
1542,7.8,6,8,0,1165,434,0.0,16.8,12.0,-45.762,166.562
1543,6.7,5,5,0,693,269,0.0,13.8,64.0,-5.157,153.782
1544,7.3,7,8,0,1560,464,0.0,27.2,19.0,16.731,-86.217
1545,7.6,7,5,0,916,504,0.0,14.0,31.0,-23.043,-174.66
1546,7.2,3,7,0,802,432,0.0,18.6,20.0,3.886,126.387
1547,7.4,7,7,0,846,314,0.0,21.1,23.0,-0.691,133.305
1548,6.6,5,4,0,765,344,0.0,22.6,204.8,36.419,70.743
1549,7.7,5,7,0,918,288,0.0,29.8,17.0,-0.414,132.885
1550,7.4,9,7,0,848,365,0.0,33.7,30.0,1.271,122.091
1551,6.7,5,6,0,731,481,0.0,28.6,24.0,14.423,-92.364
1552,6.7,0,6,0,691,529,0.0,22.3,27.4,39.533,73.824
1553,6.8,0,6,0,711,500,0.0,22.2,25.0,41.892,143.754
1554,6.6,0,6,0,670,463,0.0,14.1,96.0,1.885,127.363
1555,6.9,0,6,0,732,531,0.0,14.9,110.0,-13.501,166.967
1556,6.7,4,7,0,692,325,0.0,28.0,12.0,30.901,83.52
1557,6.8,8,7,0,1046,633,0.0,20.2,108.0,39.802,141.464
1558,7.0,5,5,0,840,577,0.0,18.2,22.0,37.552,142.214
1559,6.9,5,5,0,825,0,0.0,0.0,25.5,37.55,142.714
1560,6.6,4,5,0,680,630,0.0,18.4,17.0,11.005,91.824
1561,6.9,7,8,0,888,654,0.0,17.1,7.8,39.03,140.881
1562,7.9,9,9,0,1870,774,0.0,11.3,19.0,31.002,103.322
1563,6.9,5,5,0,910,519,0.0,21.1,27.0,36.164,141.526
1564,7.3,0,6,0,820,486,0.0,13.4,33.0,-20.071,168.892
1565,7.2,0,7,0,798,532,0.0,25.9,10.0,35.49,81.467
1566,6.9,4,5,0,740,544,0.0,25.9,24.0,13.351,125.63
1567,6.7,5,6,0,696,543,0.0,15.1,25.0,-2.245,99.808
1568,6.6,4,6,0,674,421,0.0,17.7,25.0,-2.332,99.891
1569,7.2,4,7,0,832,505,0.0,18.4,25.0,-2.486,99.972
1570,6.5,4,6,0,654,429,0.0,28.3,22.0,-2.405,99.931
1571,7.4,5,7,0,914,607,0.0,16.4,26.0,2.768,95.964
1572,6.5,8,5,0,692,650,0.0,30.7,28.0,36.345,21.863
1573,6.9,6,6,0,941,645,0.0,30.6,29.0,36.501,21.67
1574,6.5,7,6,0,723,521,0.0,27.6,83.0,16.357,-94.304
1575,6.6,7,6,0,808,461,0.0,18.8,20.0,-39.011,178.291
1576,6.7,5,7,0,704,481,0.0,30.3,45.0,-22.954,-70.182
1577,7.4,7,7,0,1542,663,0.0,13.4,156.0,14.944,-61.274
1578,6.6,3,6,0,672,280,0.0,26.9,16.0,-10.95,162.149
1579,6.5,5,7,0,653,272,0.0,27.6,18.0,-8.224,118.467
1580,6.5,7,7,0,657,353,0.0,27.5,20.0,-8.292,118.37
1581,6.8,6,6,0,722,341,0.0,15.9,53.0,-5.757,147.098
1582,6.8,7,6,0,790,649,0.0,27.0,122.9,-2.312,-77.838
1583,6.8,6,7,0,716,285,0.0,40.1,26.0,-22.925,-70.237
1584,7.7,8,7,0,995,610,0.0,22.4,40.0,-22.247,-69.89
1585,6.8,3,5,0,713,494,0.0,23.9,21.0,-3.899,101.02
1586,6.8,4,7,0,744,338,0.0,19.0,18.0,-44.796,167.553
1587,6.8,4,5,0,713,348,0.0,15.5,40.0,-4.99,153.5
1588,6.7,3,5,0,696,503,0.0,26.9,30.0,-1.999,100.141
1589,7.0,4,7,0,768,537,0.0,23.1,22.0,-2.13,99.627
1590,6.5,0,5,0,650,409,0.0,26.2,28.9,-1.689,99.668
1591,7.9,8,7,0,1133,446,0.0,29.1,35.0,-2.625,100.841
1592,7.8,7,8,0,1152,0,0.0,0.0,40.5,-2.52,100.139
1593,8.4,0,6,0,1086,411,0.0,32.3,34.0,-4.438,101.367
1594,6.8,5,6,0,747,653,0.0,17.6,15.0,2.966,-77.963
1595,7.2,0,5,0,798,312,0.0,21.3,35.0,-11.61,165.762
1596,6.5,5,6,0,675,382,0.0,12.8,15.0,-9.834,159.465
1597,8.0,9,8,0,1385,625,0.0,25.7,39.0,-13.386,-76.603
1598,7.5,0,5,0,865,228,0.0,30.7,280.0,-5.859,107.419
1599,7.2,7,7,0,803,494,0.0,20.4,120.0,-15.595,167.68
1600,6.9,3,5,0,734,374,0.0,24.1,25.0,2.872,127.464
1601,6.8,5,4,0,779,664,0.0,18.2,350.4,36.808,134.85
1602,6.6,8,8,0,831,782,0.0,16.7,12.0,37.535,138.446
1603,6.7,6,6,0,972,468,0.0,37.7,23.0,13.554,-90.618
1604,6.9,0,7,0,732,305,0.0,15.3,10.0,-7.306,155.741
1605,6.6,0,7,0,670,251,0.0,16.0,10.0,-7.169,155.777
1606,8.1,9,8,0,1025,439,0.0,14.7,24.0,-8.466,157.043
1607,6.7,7,8,0,782,493,0.0,23.9,8.0,37.336,136.588
1608,7.1,3,6,0,779,426,0.0,25.3,34.0,-20.617,169.357
1609,6.7,0,6,0,691,253,0.0,40.3,12.0,-1.034,126.976
1610,7.5,6,5,0,874,570,0.0,21.6,22.0,1.065,126.282
1611,8.1,4,5,0,1034,606,0.0,14.0,10.0,46.243,154.524
1612,6.9,6,7,0,798,466,0.0,31.6,10.0,21.974,120.493
1613,7.1,8,7,0,1023,744,0.0,29.1,10.0,21.799,120.547
1614,8.3,4,7,0,1064,576,0.0,20.9,10.0,46.592,153.266
1615,6.6,0,6,0,670,352,0.0,18.6,11.0,-6.482,151.195
1616,6.7,5,6,0,732,444,0.0,53.4,23.0,-13.457,-76.677
1617,6.7,5,6,0,692,533,0.0,15.6,32.0,-5.881,150.982
1618,6.7,8,9,0,1481,43,0.0,124.0,38.182,19.877,-155.935
1619,6.9,3,3,0,737,702,0.0,20.9,28.0,-16.592,-172.033
1620,6.8,0,6,0,711,459,0.0,28.4,38.0,-6.759,155.512
1621,6.5,0,6,0,650,700,0.0,47.4,43.0,51.148,157.522
1622,6.8,5,5,0,713,551,0.0,26.2,150.0,-15.798,167.789
1623,7.7,7,5,0,947,357,0.0,36.8,20.0,-9.284,107.419
1624,6.5,0,6,0,650,477,0.0,20.3,34.0,-5.724,151.133
1625,6.6,0,7,0,670,548,0.0,28.0,19.0,60.772,165.743
1626,6.8,4,5,0,719,701,0.0,16.3,12.0,0.093,97.05
1627,8.0,7,7,0,1013,626,0.0,20.7,55.0,-20.187,-174.123
1628,8.0,8,9,0,1026,0,0.0,0.0,60.5,-19.99,-173.907
1629,6.5,7,7,0,653,282,0.0,46.3,12.0,-27.211,-71.056
1630,6.7,6,7,0,696,277,0.0,25.6,12.0,-27.017,-71.022
1631,6.6,0,8,0,670,645,0.0,28.4,11.0,60.491,167.516
1632,7.6,0,8,0,889,579,0.0,18.5,22.0,60.949,167.089
1633,6.5,3,5,0,654,247,0.0,25.5,14.0,-16.527,176.989
1634,6.7,0,7,0,691,306,0.0,21.3,30.1,-3.595,127.214
1635,7.0,5,9,0,891,412,0.0,23.2,11.0,-21.324,33.583
1636,6.7,7,6,0,934,769,0.0,19.7,66.0,36.311,23.212
1637,6.6,7,6,0,703,323,0.0,48.2,14.0,28.164,-112.117
1638,6.5,6,5,0,721,529,0.0,20.5,224.6,36.357,71.093
1639,6.8,5,7,0,744,561,0.0,20.0,22.0,-6.224,29.83
1640,6.5,4,5,0,683,464,0.0,48.8,29.0,38.089,142.122
1641,6.5,3,6,0,651,358,0.0,20.7,21.0,2.164,96.786
1642,6.8,0,6,0,711,509,0.0,30.1,147.0,-22.361,-67.895
1643,7.6,9,9,0,1267,724,0.0,21.1,26.0,34.539,73.588
1644,6.6,0,6,0,670,402,0.0,17.7,25.0,-5.437,151.84
1645,7.5,8,7,0,1018,696,0.0,26.2,115.0,-5.678,-76.398
1646,7.6,5,7,0,891,502,0.0,20.0,90.0,-4.539,153.474
1647,7.2,7,7,0,1104,698,0.0,19.6,36.0,38.276,142.039
1648,7.2,4,5,0,808,636,0.0,26.4,16.0,7.92,92.19
1649,6.7,3,6,0,693,398,0.0,22.3,21.0,1.819,97.082
1650,6.6,6,5,0,719,446,0.0,21.1,27.0,11.245,-86.172
1651,7.2,5,4,0,1318,420,0.0,31.4,16.0,41.292,-125.953
1652,7.8,8,7,0,1020,714,0.0,16.1,115.6,-19.987,-69.197
1653,6.9,5,7,0,740,635,0.0,26.0,30.0,1.989,97.041
1654,6.7,6,5,0,731,695,0.0,20.9,34.0,0.587,98.459
1655,6.5,3,6,0,657,478,0.0,21.2,30.0,-1.714,99.779
1656,6.7,5,6,0,717,656,0.0,21.2,19.0,-1.644,99.607
1657,8.6,0,8,0,1138,510,0.0,22.1,30.0,2.085,97.108
1658,6.6,8,7,0,805,401,0.0,22.9,10.0,33.807,130.131
1659,7.1,0,5,0,776,569,0.0,18.1,201.7,-6.527,129.933
1660,6.8,0,6,0,711,444,0.0,33.8,36.0,2.908,95.592
1661,6.5,0,7,0,650,371,0.0,31.8,10.0,-5.562,122.129
1662,6.5,3,5,0,652,286,0.0,47.3,39.7,4.756,126.421
1663,6.7,0,4,0,691,457,0.0,30.2,206.3,-14.252,167.259
1664,7.1,7,3,0,782,640,0.0,26.4,525.0,5.293,123.337
1665,6.6,6,4,0,676,225,0.0,78.5,27.8,34.064,141.491
1666,6.6,0,5,0,670,353,0.0,31.9,16.1,8.879,92.375
1667,7.2,5,6,0,802,385,0.0,27.9,39.2,6.91,92.958
1668,9.1,0,8,0,1274,601,0.0,22.0,30.0,3.295,95.982
1669,8.1,0,5,0,1009,331,0.0,59.3,10.0,-49.312,161.345
1670,6.8,5,6,0,858,639,0.0,21.8,10.0,18.958,-81.409
1671,6.8,4,7,0,724,759,0.0,23.6,35.0,42.9,145.228
1672,7.0,4,7,0,771,929,0.0,23.9,39.0,43.006,145.119
1673,7.1,0,7,0,776,439,0.0,28.8,10.0,-3.609,135.404
1674,7.1,5,5,0,782,585,0.0,14.7,10.0,-46.676,164.721
1675,7.2,8,8,0,820,708,0.0,50.2,15.0,4.695,-77.508
1676,7.5,5,7,0,870,301,0.0,33.8,10.0,-8.152,124.868
1677,6.7,0,6,0,691,233,0.0,21.5,10.0,-11.128,162.208
1678,6.7,7,4,0,703,459,0.0,37.3,10.0,49.277,-128.772
1679,6.6,0,8,0,670,782,0.0,37.0,16.0,37.226,138.779
1680,6.7,5,6,0,705,698,0.0,24.7,94.0,24.53,122.694
1681,7.0,0,6,0,754,441,0.0,32.2,35.0,11.422,-86.665
1682,6.5,5,5,0,665,526,0.0,18.3,105.0,13.925,120.534
1683,6.8,0,6,0,711,545,0.0,15.7,36.0,-10.951,162.161
1684,6.6,0,4,0,670,478,0.0,29.8,10.0,33.205,137.227
1685,7.4,0,5,0,842,594,0.0,27.5,10.0,33.184,137.071
1686,7.2,0,5,0,798,643,0.0,28.4,14.0,33.07,136.618
1687,6.5,0,7,0,650,349,0.0,30.1,5.0,-35.173,-70.525
1688,6.5,0,7,0,650,305,0.0,39.0,13.4,-0.443,133.091
1689,6.9,0,5,0,732,798,0.0,31.2,188.6,55.682,160.003
1690,6.6,0,7,0,670,282,0.0,46.9,21.0,-37.695,-73.406
1691,6.7,0,5,0,691,386,0.0,27.6,65.8,-9.362,122.839
1692,6.5,0,4,0,650,424,0.0,29.9,228.4,-13.174,167.198
1693,6.6,0,4,0,670,728,0.0,18.3,187.1,36.512,71.029
1694,6.7,0,7,0,691,256,0.0,33.3,25.7,-3.665,135.339
1695,7.3,0,7,0,820,390,0.0,23.0,10.0,-4.003,135.023
1696,7.0,0,7,0,754,367,0.0,33.0,16.6,-3.615,135.538
1697,6.7,0,6,0,691,243,0.0,42.5,17.4,-3.12,127.4
1698,7.3,0,4,0,820,235,0.0,46.6,10.0,-22.015,169.766
1699,6.6,0,9,0,670,552,0.0,44.8,10.0,28.995,58.311
1700,6.5,0,6,0,650,405,0.0,48.4,33.0,8.416,-82.824
1701,6.5,7,9,0,1390,65,0.04685,71.0,8.382,35.7005,-121.101
1702,6.8,0,7,0,711,447,0.0,27.7,10.0,23.039,121.362
1703,6.6,0,6,0,670,384,0.0,25.1,35.0,-5.581,150.88
1704,6.5,0,6,0,650,487,0.0,45.9,35.0,12.025,125.416
1705,6.6,0,5,0,670,475,0.0,26.2,113.7,-19.262,168.892
1706,7.0,0,5,0,754,568,0.0,61.2,10.0,37.812,142.619
1707,6.7,0,6,0,691,556,0.0,55.4,32.0,42.648,144.57
1708,6.7,0,7,0,691,643,0.0,24.5,10.0,50.211,87.721
1709,6.5,0,5,0,650,586,0.0,71.3,25.0,42.45,144.38
1710,7.3,0,7,0,820,667,0.0,24.5,16.0,50.038,87.813
1711,7.4,0,7,0,842,514,0.0,78.8,33.0,41.774,143.593
1712,8.16,0,9,0,1024,0,0.0,0.0,27.0,41.815,143.91
1713,6.6,0,7,0,670,518,0.0,24.7,10.0,19.917,95.672
1714,7.2,0,7,0,798,428,0.0,17.5,28.0,-45.104,167.144
1715,7.6,0,6,0,889,315,0.0,25.2,10.0,-60.532,-43.411
1716,6.5,0,6,0,650,156,0.0,31.4,33.0,-3.828,152.174
1717,6.8,0,7,0,711,398,0.0,39.1,33.0,-30.608,-71.637
1718,6.9,0,5,0,732,733,0.0,26.7,174.8,55.492,159.999
1719,6.6,0,6,0,670,419,0.0,27.8,33.0,-5.095,152.502
1720,7.0,0,6,0,754,473,0.0,30.3,31.0,2.354,128.855
1721,7.0,0,7,0,754,690,0.0,19.1,68.0,38.849,141.568
1722,6.8,0,9,0,711,534,0.0,19.4,12.0,36.964,3.634
1723,6.5,0,7,0,650,247,0.0,28.7,33.0,-8.294,120.743
1724,6.8,0,7,0,711,431,0.0,38.4,40.2,-4.694,153.238
1725,7.6,0,7,0,889,551,0.0,0.0,24.0,18.77,-104.104
1726,6.5,0,6,0,650,316,0.0,0.0,24.0,13.626,-90.774
1727,7.3,0,6,0,820,457,0.0,0.0,33.0,-10.491,160.77
1728,6.7,0,5,0,691,323,0.0,0.0,71.9,-5.311,153.701
1729,6.7,0,6,0,691,453,0.0,0.0,34.0,-4.786,153.275
1730,7.9,8,9,0,1750,0,0.0,0.0,4.2,63.5141,-147.453
1731,7.4,0,7,0,842,418,0.0,0.0,30.0,2.824,96.085
1732,6.6,0,7,0,670,0,0.0,0.0,4.2,63.5144,-147.912
1733,6.7,0,7,0,691,250,0.0,0.0,10.0,-1.511,133.973
1734,7.6,0,7,0,889,375,0.0,0.0,10.0,-1.757,134.297
1735,6.5,0,6,0,650,646,0.0,0.0,21.0,13.036,93.068
1736,7.6,0,7,0,889,428,0.0,0.0,13.0,-3.302,142.945
1737,6.5,0,4,0,650,260,0.0,0.0,30.0,14.101,146.199
1738,6.5,0,7,0,650,533,0.0,0.0,10.0,7.929,-82.793
1739,6.5,0,8,0,650,555,0.0,0.0,10.0,35.626,49.047
1740,6.6,0,7,0,670,420,0.0,0.0,54.0,-30.805,-71.124
1741,6.7,0,5,0,691,272,0.0,0.0,33.0,-12.592,166.383
1742,7.1,0,7,0,776,257,0.0,0.0,85.7,13.088,144.619
1743,6.7,0,7,0,691,462,0.0,0.0,62.0,-27.535,-70.586
1744,6.8,0,6,0,711,292,0.0,0.0,24.9,16.985,-100.865
1745,7.1,0,6,0,776,550,0.0,0.0,32.8,24.279,122.179
1746,6.5,0,5,0,650,486,0.0,0.0,125.1,-21.663,-68.329
1747,7.5,0,7,0,865,321,0.0,0.0,31.0,6.033,124.249
1748,7.4,0,5,0,842,138,0.0,0.0,225.6,36.502,70.482
1749,6.6,0,6,0,670,444,0.0,0.0,39.0,-5.345,151.248
1750,6.5,0,7,0,650,482,0.0,0.0,5.0,38.573,31.271
1751,6.7,0,8,0,691,333,0.0,0.0,11.0,-3.212,142.427
1752,6.6,0,6,0,670,386,0.0,0.0,10.0,-17.664,168.004
1753,7.2,0,6,0,798,427,0.0,0.0,21.0,-17.6,167.856
1754,6.8,0,7,0,711,385,0.0,0.0,16.0,-9.613,159.53
1755,6.8,0,5,0,711,499,0.0,0.0,14.0,23.954,122.734
1756,6.5,0,5,0,650,605,0.0,0.0,123.8,39.402,141.089
1757,7.8,0,9,0,936,368,0.0,0.0,10.0,35.946,90.541
1758,7.0,0,7,0,754,254,0.0,0.0,33.0,-5.912,150.196
1759,7.5,0,6,0,865,234,0.0,0.0,33.0,-4.102,123.907
1760,7.0,0,6,0,754,482,0.0,0.0,37.0,12.686,144.98
1761,6.5,0,6,0,650,174,0.0,0.0,33.0,-0.578,133.13
1762,6.6,6,6,0,754,0,0.0,0.0,131.8,58.775,-154.701
1763,6.5,0,8,0,650,483,0.0,0.0,10.0,39.059,24.244
1764,7.6,0,7,0,889,398,0.0,0.0,33.0,-17.543,-72.077
1765,6.6,0,7,0,670,324,0.0,0.0,62.0,-16.086,-73.987
1766,6.7,0,6,0,691,422,0.0,0.0,24.0,-17.745,-71.649
1767,8.4,0,8,0,1086,518,0.0,0.0,33.0,-16.265,-73.641
1768,6.7,0,6,0,691,282,0.0,0.0,17.0,-7.41,155.865
1769,6.8,0,7,0,711,596,0.0,0.0,50.0,34.083,132.526
1770,6.5,0,6,0,650,206,0.0,0.0,33.0,-4.029,128.02
1771,6.8,7,7,0,1441,67,0.0,31.0,51.798,47.149,-122.727
1772,7.1,0,7,0,776,426,0.0,0.0,35.0,1.271,126.249
1773,7.4,0,6,0,842,221,0.0,0.0,36.0,-4.68,102.562
1774,6.6,0,8,0,670,273,0.0,0.0,10.0,13.671,-88.938
1775,7.7,0,9,0,912,472,0.0,0.0,16.0,23.419,70.232
1776,6.9,0,6,0,732,117,0.0,0.0,28.0,-4.022,101.776
1777,7.7,0,8,0,912,427,0.0,0.0,60.0,13.049,-88.66
1778,6.9,5,7,0,745,0,0.0,0.0,36.4,56.7744,-153.281
1779,7.1,0,7,0,776,372,0.0,0.0,103.0,-14.928,167.17
1780,6.8,0,5,0,711,64,0.0,0.0,33.0,6.631,126.899
1781,7.5,0,7,0,865,324,0.0,0.0,33.0,6.898,126.579
